,證券代碼,年月日,開盤價(元),最高價(元),最低價(元),收盤價(元),成交量(千股),成交值(千元),成交筆數(筆),流通在外股數(千股),本益比-TSE,股價淨值比-TSE,單日漲跌幅(%),label
0,2615 萬海,2019-01-02,14.894,14.894,14.5671,14.6138,348,5480,272,2218297,24.45,1.02,,跌
1,2615 萬海,2019-01-03,14.7539,14.7539,14.5671,14.6138,159,2495,135,2218297,24.45,1.02,0.0,跌
2,2615 萬海,2019-01-04,14.6138,14.7072,14.4271,14.6138,313,4882,174,2218297,24.45,1.02,0.0,跌
3,2615 萬海,2019-01-07,14.7072,14.7072,14.6138,14.6605,148,2329,67,2218297,24.53,1.02,0.003195609629254629,漲
4,2615 萬海,2019-01-08,14.6605,14.7539,14.5671,14.6605,239,3743,181,2218297,24.53,1.02,0.0,跌
5,2615 萬海,2019-01-09,14.7072,14.9406,14.6605,14.8473,563,8936,430,2218297,24.84,1.04,0.012741720950854326,漲
6,2615 萬海,2019-01-10,14.8473,14.8473,14.7072,14.7072,349,5512,178,2218297,24.61,1.03,-0.009436059081449174,跌
7,2615 萬海,2019-01-11,14.8006,14.8473,14.6605,14.7539,380,5998,185,2218297,24.69,1.03,0.003175315491731908,漲
8,2615 萬海,2019-01-14,14.7539,14.7539,14.5671,14.6138,268,4205,185,2218297,24.45,1.02,-0.009495794332346047,跌
9,2615 萬海,2019-01-15,14.7072,14.7072,14.6138,14.6605,185,2907,121,2218297,24.53,1.02,0.003195609629254629,漲
10,2615 萬海,2019-01-16,14.6605,14.7072,14.5671,14.5671,425,6661,260,2218297,24.38,1.02,-0.0063708604754272235,跌
11,2615 萬海,2019-01-17,14.5671,14.6138,14.5204,14.5671,270,4215,181,2218297,24.38,1.02,0.0,跌
12,2615 萬海,2019-01-18,14.5671,14.7072,14.5204,14.6138,115,1804,50,2218297,24.45,1.02,0.0032058542880875067,漲
13,2615 萬海,2019-01-21,14.5671,14.7072,14.5671,14.6138,267,4189,113,2218297,24.45,1.02,0.0,跌
14,2615 萬海,2019-01-22,14.6138,14.8006,14.6138,14.7072,251,3963,141,2218297,24.61,1.03,0.006391219258509137,漲
15,2615 萬海,2019-01-23,14.7072,14.8473,14.7072,14.7072,829,13098,234,2218297,24.61,1.03,0.0,跌
16,2615 萬海,2019-01-24,14.6605,14.8006,14.6605,14.8006,324,5127,124,2218297,24.77,1.03,0.006350630983463816,漲
17,2615 萬海,2019-01-25,14.8006,14.8006,14.7072,14.8006,452,7151,174,2218297,24.77,1.03,0.0,跌
18,2615 萬海,2019-01-28,14.8006,14.894,14.8006,14.894,350,5576,126,2218297,24.92,1.04,0.006310554977500968,漲
19,2615 萬海,2019-01-29,14.9406,14.9406,14.6605,14.8006,588,9333,225,2218297,24.77,1.03,-0.006270981603330255,跌
20,2615 萬海,2019-01-30,14.8006,14.8006,14.7072,14.7072,634,10024,318,2218297,24.61,1.03,-0.006310554977500847,跌
21,2615 萬海,2019-02-11,14.7072,14.8473,14.6605,14.8473,584,9234,286,2218297,24.84,1.04,0.009525946475195845,漲
22,2615 萬海,2019-02-12,14.894,14.9873,14.8006,14.894,526,8397,218,2218297,24.92,1.04,0.003145353027149685,漲
23,2615 萬海,2019-02-13,14.894,14.9873,14.894,14.9873,572,9155,177,2218297,25.08,1.05,0.0062642674902644874,漲
24,2615 萬海,2019-02-14,14.9873,15.034,14.8473,15.034,1607,25775,251,2218297,25.16,1.05,0.0031159715225558505,漲
25,2615 萬海,2019-02-15,15.034,15.0807,14.9873,15.034,494,7955,145,2218297,25.16,1.05,0.0,跌
26,2615 萬海,2019-02-18,15.0807,15.1741,14.9873,15.1274,1045,16896,332,2218297,25.3125,1.06,0.0062125848077689925,漲
27,2615 萬海,2019-02-19,15.1741,15.2208,15.0807,15.1741,370,6016,218,2218297,25.39,1.06,0.003087113449766617,漲
28,2615 萬海,2019-02-20,15.1741,15.2675,15.1274,15.2208,555,9031,379,2218297,25.47,1.06,0.0030776125107914998,漲
29,2615 萬海,2019-02-21,15.2675,15.3608,15.1274,15.3142,981,16047,481,2218297,25.625,1.07,0.006136339745611206,漲
30,2615 萬海,2019-02-22,15.3142,15.3142,15.1741,15.1741,323,5272,169,2218297,25.3906,1.06,-0.009148372099097591,跌
31,2615 萬海,2019-02-25,15.1741,15.1741,15.034,15.1274,894,14481,443,2218297,25.3125,1.06,-0.0030776125107913827,跌
32,2615 萬海,2019-02-26,15.1274,15.2675,15.1274,15.1741,247,4023,134,2218297,25.39,1.06,0.003087113449766617,漲
33,2615 萬海,2019-02-27,15.034,15.0807,14.894,14.894,1384,22179,446,2218297,24.9219,1.04,-0.01845908488806579,跌
34,2615 萬海,2019-03-04,14.894,15.034,14.894,14.9873,412,6590,142,2218297,25.0781,1.05,0.0062642674902644874,漲
35,2615 萬海,2019-03-05,14.9873,15.034,14.894,14.9406,256,4117,154,2218297,25,1.04,-0.003115971522555732,跌
36,2615 萬海,2019-03-06,14.9406,15.034,14.9406,15.034,479,7687,298,2218297,25.1563,1.05,0.006251422298970645,漲
37,2615 萬海,2019-03-07,14.9406,15.1741,14.9406,15.034,367,5922,172,2218297,25.1563,1.05,0.0,跌
38,2615 萬海,2019-03-08,15.034,15.1274,14.9873,15.1274,191,3094,118,2218297,25.31,1.06,0.0062125848077689925,漲
39,2615 萬海,2019-03-11,15.1274,15.1741,14.9873,14.9873,144,2321,107,2218297,25.0781,1.05,-0.009261340349299967,跌
40,2615 萬海,2019-03-12,14.9873,15.0807,14.9873,15.034,266,4292,104,2218297,25.1563,1.05,0.0031159715225558505,漲
41,2615 萬海,2019-03-13,15.034,15.034,14.894,14.894,362,5798,139,2218297,24.9219,1.04,-0.009312225621923678,跌
42,2615 萬海,2019-03-14,14.894,14.9873,14.894,14.9406,222,3552,105,2218297,25,1.04,0.0031287766885994195,漲
43,2615 萬海,2019-03-15,14.9406,14.9873,14.894,14.9873,580,9299,257,2218297,25.08,1.05,0.003125711149485263,漲
44,2615 萬海,2019-03-18,15.034,15.0807,14.894,15.034,322,5180,155,2218297,25.16,1.05,0.0031159715225558505,漲
45,2615 萬海,2019-03-19,15.034,15.0807,14.894,14.9406,569,9129,230,2218297,25,1.04,-0.0062125848077691104,跌
46,2615 萬海,2019-03-20,15.0807,15.1741,14.9873,15.1274,623,10061,356,2218297,25.31,1.06,0.012502844597941171,漲
47,2615 萬海,2019-03-21,15.1274,15.1274,14.9873,14.9873,362,5827,186,2218297,25.08,1.05,-0.009261340349299967,跌
48,2615 萬海,2019-03-22,14.9873,15.0807,14.9406,14.9873,366,5896,147,2218297,25.08,1.05,0.0,跌
49,2615 萬海,2019-03-25,14.9873,15.034,14.9406,14.9873,413,6622,163,2218297,25.08,1.05,0.0,跌
50,2615 萬海,2019-03-26,14.9873,15.0807,14.9406,15.0807,265,4260,141,2218297,25.23,1.05,0.006231943045111582,漲
51,2615 萬海,2019-03-27,15.0807,15.1274,15.034,15.1274,549,8866,373,2218297,25.31,1.06,0.0030966732313486454,漲
52,2615 萬海,2019-03-28,15.1274,15.1274,14.9406,14.9873,512,8249,259,2218297,25.08,1.05,-0.009261340349299967,跌
53,2615 萬海,2019-03-29,14.9873,15.1274,14.9873,14.9873,846,13656,322,2218297,32.1,1.03,0.0,跌
54,2615 萬海,2019-04-01,14.9873,15.034,14.894,14.9406,732,11720,262,2218297,32,1.03,-0.003115971522555732,跌
55,2615 萬海,2019-04-02,14.9873,14.9873,14.8473,14.894,906,14470,505,2218297,31.9,1.02,-0.0031190179778589717,跌
56,2615 萬海,2019-04-03,15.034,15.0807,14.894,15.0807,1125,18034,387,2218297,32.3,1.04,0.012535249093594741,漲
57,2615 萬海,2019-04-08,15.0807,15.1274,14.9406,15.0807,1072,17255,363,2218297,32.3,1.04,0.0,跌
58,2615 萬海,2019-04-09,15.0807,15.0807,14.894,14.9406,1203,19273,375,2218297,32,1.03,-0.009290019694046055,跌
59,2615 萬海,2019-04-10,14.9873,15.1274,14.8473,15.1274,926,14844,462,2218297,32.4,1.04,0.012502844597941171,漲
60,2615 萬海,2019-04-11,15.1274,15.2208,15.034,15.1741,805,13056,343,2218297,32.5,1.04,0.003087113449766617,漲
61,2615 萬海,2019-04-12,15.2208,15.2208,14.9873,15.0807,515,8321,215,2218297,32.3,1.04,-0.006155225021582765,跌
62,2615 萬海,2019-04-15,15.1274,15.1741,15.034,15.1274,490,7934,180,2218297,32.4,1.04,0.0030966732313486454,漲
63,2615 萬海,2019-04-16,15.1274,15.1274,14.9873,15.0807,418,6752,216,2218297,32.3,1.04,-0.003087113449766617,跌
64,2615 萬海,2019-04-17,15.0807,15.1741,14.9406,15.034,778,12552,525,2218297,32.2,1.03,-0.0030966732313486454,跌
65,2615 萬海,2019-04-18,15.0807,15.1274,14.9873,15.034,1090,17570,368,2218297,32.2,1.03,0.0,跌
66,2615 萬海,2019-04-19,15.0807,15.1274,15.034,15.034,483,7800,224,2218297,32.2,1.03,0.0,跌
67,2615 萬海,2019-04-22,15.034,15.5009,15.034,15.4542,2515,41363,916,2218297,33.1,1.06,0.027949980045230773,漲
68,2615 萬海,2019-04-23,15.5009,15.5009,15.2675,15.3608,878,14460,346,2218297,32.9,1.06,-0.006043664505441939,跌
69,2615 萬海,2019-04-24,15.3608,15.4075,15.2208,15.2675,704,11536,344,2218297,32.7,1.05,-0.006073902400916572,跌
70,2615 萬海,2019-04-25,15.2675,15.3608,15.1741,15.1741,660,10774,253,2218297,32.5,1.04,-0.006117570001637518,跌
71,2615 萬海,2019-04-26,15.1741,15.2208,15.1274,15.2208,519,8432,244,2218297,32.6,1.05,0.0030776125107914998,漲
72,2615 萬海,2019-04-29,15.1741,15.2675,15.1741,15.1741,409,6676,166,2218297,32.5,1.04,-0.0030681698728057196,跌
73,2615 萬海,2019-04-30,15.1741,15.2675,15.1741,15.2208,560,9131,206,2218297,32.6,1.05,0.0030776125107914998,漲
74,2615 萬海,2019-05-02,15.2208,15.4542,15.2208,15.4075,781,12861,406,2218297,33,1.06,0.01226610953432146,漲
75,2615 萬海,2019-05-03,15.4075,15.641,15.4075,15.4542,1757,29288,676,2218297,33.1,1.06,0.003030991400292034,漲
76,2615 萬海,2019-05-06,15.4542,15.5009,15.2208,15.2675,1191,19513,461,2218297,32.7,1.05,-0.012080858278008573,跌
77,2615 萬海,2019-05-07,15.2675,15.4075,15.2675,15.3608,329,5409,201,2218297,32.9,1.06,0.00611102014082196,漲
78,2615 萬海,2019-05-08,15.2208,15.3608,15.1274,15.3142,611,9970,344,2218297,32.8,1.05,-0.003033696161658231,跌
79,2615 萬海,2019-05-09,15.3142,15.3142,15.0807,15.1741,537,8736,278,2218297,32.5,1.04,-0.009148372099097591,跌
80,2615 萬海,2019-05-10,15.1741,15.3142,15.034,15.2675,615,10000,268,2218297,32.7,1.05,0.0061552250215828825,漲
81,2615 萬海,2019-05-13,15.3608,15.5009,15.3142,15.4075,1206,19932,555,2218297,18.13,1.02,0.009169805141640777,漲
82,2615 萬海,2019-05-14,15.2675,15.5943,15.1274,15.5943,1177,19420,684,2218297,18.35,1.03,0.012123965601168253,漲
83,2615 萬海,2019-05-15,15.5943,15.8277,15.5943,15.7344,2087,35187,851,2218297,18.52,1.04,0.008984051865104578,漲
84,2615 萬海,2019-05-16,15.7344,16.1079,15.5943,15.9211,2487,42261,761,2218297,18.74,1.06,0.011865720968069853,漲
85,2615 萬海,2019-05-17,16.0145,16.0612,15.7344,15.8277,1580,26903,709,2218297,18.63,1.05,-0.005866428827153843,跌
86,2615 萬海,2019-05-20,15.8744,16.0612,15.8277,15.9678,1402,24030,628,2218297,18.79,1.06,0.00885157034818706,漲
87,2615 萬海,2019-05-21,16.1079,16.388,16.0612,16.388,2934,51015,1042,2218297,19.29,1.09,0.026315459862974313,漲
88,2615 萬海,2019-05-22,16.4347,16.4814,16.2013,16.3413,1603,28017,659,2218297,19.23,1.08,-0.0028496460824994686,跌
89,2615 萬海,2019-05-23,16.3413,16.4814,16.2479,16.4347,1659,29055,787,2218297,19.34,1.09,0.005715579543855081,漲
90,2615 萬海,2019-05-24,16.4347,16.7148,16.4347,16.7148,2184,38865,1003,2218297,19.67,1.11,0.01704320736003705,漲
91,2615 萬海,2019-05-27,16.7615,16.995,16.6215,16.8549,3984,71802,1705,2218297,19.84,1.12,0.00838179338071651,漲
92,2615 萬海,2019-05-28,16.995,16.995,16.7615,16.995,2598,47046,948,2218297,20,1.13,0.00831212288414647,漲
93,2615 萬海,2019-05-29,16.9483,17.2751,16.9016,17.2751,4395,80835,2345,2218297,20.33,1.15,0.016481318034715937,漲
94,2615 萬海,2019-05-30,17.3685,17.742,17.3685,17.6019,3852,72522,1521,2218297,20.71,1.17,0.01891740134644675,漲
95,2615 萬海,2019-05-31,17.6486,17.6486,17.0417,17.6019,3988,74190,1917,2218297,20.71,1.17,0.0,跌
96,2615 萬海,2019-06-03,17.4619,17.4619,16.5281,16.6682,6109,110312,2775,2218297,19.62,1.11,-0.05304540987052544,跌
97,2615 萬海,2019-06-04,16.6682,16.9016,16.6682,16.8082,2039,36660,1041,2218297,19.78,1.12,0.008399227271091094,漲
98,2615 萬海,2019-06-05,17.0884,17.135,16.8549,16.995,1046,18998,605,2218297,20,1.13,0.011113623112528507,漲
99,2615 萬海,2019-06-06,17.0417,17.0417,16.6215,16.7615,1921,34508,654,2218297,19.73,1.11,-0.013739335098558361,跌
100,2615 萬海,2019-06-10,16.8549,16.9016,16.6215,16.6215,2088,37326,802,2218297,19.56,1.1,-0.00835247442054712,跌
101,2615 萬海,2019-06-11,16.6682,16.7615,16.5748,16.7615,777,13866,557,2218297,19.73,1.11,0.008422825858075418,漲
102,2615 萬海,2019-06-12,16.8082,16.8549,16.6215,16.7615,1003,17957,711,2218297,19.73,1.11,0.0,跌
103,2615 萬海,2019-06-13,16.7615,17.1817,16.7615,17.1817,2973,54314,1635,2218297,20.22,1.14,0.025069355367956188,漲
104,2615 萬海,2019-06-14,17.3685,17.5553,17.135,17.1817,3289,60997,1581,2218297,20.22,1.14,0.0,跌
105,2615 萬海,2019-06-17,17.2751,17.2751,17.0884,17.2284,941,17311,579,2218297,20.27,1.14,0.0027180081132833944,漲
106,2615 萬海,2019-06-18,17.2284,17.3685,17.135,17.1817,1700,31307,834,2218297,20.22,1.14,-0.002710640570221338,跌
107,2615 萬海,2019-06-19,17.1817,17.2751,17.135,17.1817,2409,44374,1486,2218297,20.22,1.14,0.0,跌
108,2615 萬海,2019-06-20,17.2284,17.2751,16.7148,16.7615,2824,51121,1305,2218297,19.73,1.11,-0.02445625287369688,跌
109,2615 萬海,2019-06-21,16.8549,17.0417,16.7615,16.8082,3863,69886,1793,2218297,19.78,1.12,0.002786146824568072,漲
110,2615 萬海,2019-06-24,16.8082,17.0417,16.7615,16.9483,1876,34043,633,2218297,19.95,1.12,0.008335217334396327,漲
111,2615 萬海,2019-06-25,16.995,17.1817,16.8549,17.0417,3008,54839,1450,2218297,20.05,1.13,0.0055108771971229585,漲
112,2615 萬海,2019-06-26,16.995,17.135,16.995,17.135,1420,25978,725,2218297,20.16,1.14,0.005474805917250206,漲
113,2615 萬海,2019-06-27,17.1817,17.2284,17.0417,17.1817,1994,36609,1085,2218297,20.22,1.14,0.00272541581558201,漲
114,2615 萬海,2019-06-28,17.1817,17.2284,16.8549,16.9016,1869,34000,679,2218297,19.89,1.12,-0.01630222853384711,跌
115,2615 萬海,2019-07-01,16.995,17.1817,16.9483,17.0417,1623,29648,570,2218297,20.05,1.13,0.008289156056231383,漲
116,2615 萬海,2019-07-02,17.1817,17.8354,17.135,17.8354,5861,109810,2187,2218297,20.99,1.18,0.046573992031311504,漲
117,2615 萬海,2019-07-03,17.8821,17.9288,17.6486,17.8354,4445,84671,1573,2218297,20.99,1.18,0.0,跌
118,2615 萬海,2019-07-04,17.9288,18.1155,17.8821,17.9755,3004,57907,1144,2218297,21.15,1.19,0.007855164448232187,漲
119,2615 萬海,2019-07-05,17.9755,18.0221,17.7887,17.9755,2100,40250,778,2218297,21.15,1.19,0.0,跌
120,2615 萬海,2019-07-08,17.9755,18.0221,17.8354,17.8821,1633,31325,543,2218297,21.04,1.19,-0.0051959611693693656,跌
121,2615 萬海,2019-07-09,17.8821,17.9288,17.742,17.8821,2125,40649,972,2218297,21.04,1.19,0.0,跌
122,2615 萬海,2019-07-10,17.8821,18.0688,17.8821,17.9755,2498,48131,1094,2218297,21.15,1.19,0.00522310019516718,漲
123,2615 萬海,2019-07-11,18.2089,18.2089,18.0221,18.1622,4310,83800,1418,2218297,21.37,1.21,0.010386359211148414,漲
124,2615 萬海,2019-07-12,18.3122,18.3604,18.2158,18.3122,2179,41343,826,2218297,20.88,1.18,0.008258911365363344,漲
125,2615 萬海,2019-07-15,18.3122,18.3122,17.9749,18.1195,1921,36166,832,2218297,20.66,1.16,-0.010523039285285333,跌
126,2615 萬海,2019-07-16,18.1195,18.264,18.0231,18.2158,1364,25717,413,2218297,20.77,1.17,0.005314716189740497,漲
127,2615 萬海,2019-07-17,18.2158,18.2158,18.0231,18.1195,1279,24017,722,2218297,20.66,1.16,-0.005286619308512552,跌
128,2615 萬海,2019-07-18,18.3122,18.5532,18.2158,18.3122,2023,38624,835,2218297,20.88,1.18,0.010634951295565668,漲
129,2615 萬海,2019-07-19,18.3122,18.4568,18.264,18.3122,1709,32535,641,2218297,20.88,1.18,0.0,跌
130,2615 萬海,2019-07-22,18.3122,18.8423,18.3122,18.5532,4579,88472,1385,2218297,21.15,1.19,0.01316062515699914,漲
131,2615 萬海,2019-07-23,18.7941,19.1314,18.6977,18.8423,7026,138096,2293,2218297,21.48,1.21,0.01558221762283602,漲
132,2615 萬海,2019-07-24,19.1796,19.8543,19.0351,19.6615,13824,280600,4576,2218297,22.42,1.26,0.04347664563243333,漲
133,2615 萬海,2019-07-25,19.6615,21.2518,19.276,21.1072,20265,433509,6665,2218297,24.07,1.36,0.07352948656002842,漲
134,2615 萬海,2019-07-26,21.1554,22.5529,20.8663,21.1072,21061,473843,8359,2218297,24.07,1.36,0.0,跌
135,2615 萬海,2019-07-29,21.4928,21.541,20.529,21.3,9449,205953,3331,2218297,24.29,1.37,0.009134323832625923,漲
136,2615 萬海,2019-07-30,21.1554,21.2518,20.3362,20.4808,6404,137487,2399,2218297,23.35,1.32,-0.03846009389671372,跌
137,2615 萬海,2019-07-31,20.4808,20.6735,19.8543,19.9989,5707,119332,2252,2218297,22.8,1.29,-0.02352935432209677,跌
138,2615 萬海,2019-08-01,19.9989,20.6253,19.9507,20.0953,7619,160450,2882,2218297,22.91,1.29,0.004820265114581438,漲
139,2615 萬海,2019-08-02,20.0471,21.0109,19.5652,21.0109,14044,300879,4520,2218297,23.96,1.35,0.04556289281573292,漲
140,2615 萬海,2019-08-05,21.1554,21.6855,20.288,20.6253,8145,177961,3640,2218297,23.52,1.33,-0.018352379003279257,跌
141,2615 萬海,2019-08-06,19.9025,20.3362,19.7097,19.8061,6731,139610,2633,2218297,22.58,1.27,-0.039718210159367315,跌
142,2615 萬海,2019-08-07,19.8543,20.1434,19.4206,19.7579,4420,90188,2143,2218297,22.53,1.27,-0.0024335936908326905,跌
143,2615 萬海,2019-08-08,19.9507,20.8181,19.6615,20.6253,8041,169194,3042,2218297,23.52,1.33,0.04390142677106373,漲
144,2615 萬海,2019-08-12,20.6253,20.6735,19.8061,19.9025,4341,90591,1605,2218297,22.69,1.28,-0.03504433874901211,跌
145,2615 萬海,2019-08-13,19.7579,20.1916,19.7097,19.8543,3693,76242,1591,2218297,22.64,1.28,-0.002421806305740553,跌
146,2615 萬海,2019-08-14,20.4326,20.529,20.0953,20.288,3922,82667,1890,2218297,18.96,1.32,0.02184413451997813,漲
147,2615 萬海,2019-08-15,19.7579,19.9025,18.9869,19.0833,6721,135496,2834,2218297,17.84,1.24,-0.059379929022081966,跌
148,2615 萬海,2019-08-16,19.0351,19.0833,18.505,18.8423,5297,103486,2477,2218297,17.61,1.23,-0.012628843019813117,跌
149,2615 萬海,2019-08-19,18.9869,19.1796,18.3122,18.4568,6214,119769,2782,2218297,17.25,1.2,-0.020459285755985223,跌
150,2615 萬海,2019-08-20,18.4086,18.6495,18.0231,18.0713,4766,89682,2144,2218297,16.89,1.18,-0.020886610896796866,跌
151,2615 萬海,2019-08-21,18.0231,18.8423,17.9267,18.6014,6031,116188,2909,2218297,17.39,1.21,0.02933380553695644,漲
152,2615 萬海,2019-08-22,18.5532,18.6977,17.9749,18.0713,4747,89555,2493,2218297,16.89,1.18,-0.028497855000161325,跌
153,2615 萬海,2019-08-23,18.0713,18.1195,17.7339,17.9267,2923,54329,1250,2218297,16.76,1.17,-0.008001637956317503,跌
154,2615 萬海,2019-08-26,17.6376,18.6495,17.6376,18.0713,5677,108184,2725,2218297,16.89,1.18,0.008066180613275199,漲
155,2615 萬海,2019-08-27,18.1676,18.4086,18.0231,18.1195,3668,69414,1450,2218297,16.94,1.18,0.0026672126521057036,漲
156,2615 萬海,2019-08-28,18.1676,18.3604,18.0713,18.1195,1721,32513,703,2218297,16.94,1.18,0.0,跌
157,2615 萬海,2019-08-29,18.3122,18.505,18.3122,18.3122,2695,51376,1080,2218297,17.12,1.19,0.010634951295565668,漲
158,2615 萬海,2019-08-30,18.505,18.505,18.3122,18.3122,3073,58572,1054,2218297,17.12,1.19,0.0,跌
159,2615 萬海,2019-09-02,18.3122,18.5532,18.3122,18.4568,2199,42040,873,2218297,17.25,1.2,0.007896375094199522,漲
160,2615 萬海,2019-09-03,18.5532,19.4688,18.5532,19.4688,10237,203903,3657,2218297,18.2,1.27,0.0548307398899051,漲
161,2615 萬海,2019-09-04,19.7097,19.8543,19.276,19.4206,7497,151700,3039,2218297,18.15,1.27,-0.0024757560815253815,跌
162,2615 萬海,2019-09-05,19.517,19.517,18.9869,19.0351,3577,71018,1384,2218297,17.79,1.24,-0.01985005612596935,跌
163,2615 萬海,2019-09-06,19.0833,19.2278,18.9387,19.0351,1813,35863,736,2218297,17.79,1.24,0.0,跌
164,2615 萬海,2019-09-09,19.0833,19.2278,19.0833,19.1796,1210,24038,524,2218297,17.93,1.25,0.007591239342057606,漲
165,2615 萬海,2019-09-10,19.1796,19.1796,18.505,18.505,3950,76877,1771,2218297,17.3,1.21,-0.03517278775365501,跌
166,2615 萬海,2019-09-11,18.505,18.6495,18.1195,18.1676,3991,75757,1891,2218297,16.98,1.18,-0.018232910024317688,跌
167,2615 萬海,2019-09-12,18.2158,18.505,18.2158,18.4568,1373,26137,692,2218297,17.25,1.2,0.01591844822651319,漲
168,2615 萬海,2019-09-16,18.3604,18.4086,18.1195,18.2158,1510,28553,749,2218297,17.03,1.19,-0.013057518096311367,跌
169,2615 萬海,2019-09-17,18.1195,18.4568,18.0713,18.4086,1439,27252,611,2218297,17.21,1.2,0.010584218096377777,漲
170,2615 萬海,2019-09-18,18.4086,18.505,18.3122,18.3122,1301,24897,845,2218297,17.12,1.19,-0.005236682854752624,跌
171,2615 萬海,2019-09-19,18.4086,18.4568,18.3122,18.3604,608,11597,316,2218297,17.16,1.2,0.0026321250313997117,漲
172,2615 萬海,2019-09-20,18.3604,18.3604,18.1676,18.1676,3050,57596,607,2218297,16.98,1.18,-0.010500860547700394,跌
173,2615 萬海,2019-09-23,18.2158,18.3122,18.1195,18.1195,935,17623,462,2218297,16.94,1.18,-0.0026475704000529284,跌
174,2615 萬海,2019-09-24,18.1195,18.1195,17.8785,18.0713,1161,21747,618,2218297,16.89,1.18,-0.0026601175529124867,跌
175,2615 萬海,2019-09-25,18.0713,18.1676,18.0231,18.1676,1180,22157,552,2218297,16.98,1.18,0.005328891668003928,漲
176,2615 萬海,2019-09-26,18.1676,18.2158,17.8785,17.8785,1441,26883,714,2218297,16.71,1.17,-0.015912943922147187,跌
177,2615 萬海,2019-09-27,17.8785,18.0231,17.493,17.5894,2306,42298,984,2218297,16.44,1.15,-0.01617026036859903,跌
178,2615 萬海,2019-10-01,17.6857,17.7821,17.493,17.5894,1483,27126,643,2218297,16.44,1.15,0.0,跌
179,2615 萬海,2019-10-02,17.5412,17.6857,17.493,17.6857,810,14822,351,2218297,16.53,1.15,0.0054748882849897885,漲
180,2615 萬海,2019-10-03,17.5412,17.6857,17.493,17.5412,1361,24874,493,2218297,16.4,1.14,-0.008170442787110531,跌
181,2615 萬海,2019-10-04,17.5894,17.6376,17.0111,17.0593,3822,68203,1404,2218297,15.95,1.11,-0.027472464825667547,跌
182,2615 萬海,2019-10-07,17.1557,17.3966,17.0111,17.3484,1629,29126,650,2218297,16.22,1.13,0.01694676803854796,漲
183,2615 萬海,2019-10-08,17.3484,17.3484,17.1075,17.2038,880,15744,439,2218297,16.08,1.12,-0.008335062599432829,跌
184,2615 萬海,2019-10-09,17.1075,17.2038,16.8665,17.1557,2861,50704,1098,2218297,16.04,1.12,-0.002795893930410815,跌
185,2615 萬海,2019-10-14,17.3484,17.4448,17.2038,17.3966,1455,26203,636,2218297,16.26,1.13,0.01404198021648781,漲
186,2615 萬海,2019-10-15,17.3966,17.3966,17.1557,17.252,1102,19730,441,2218297,16.13,1.12,-0.008311969005437873,跌
187,2615 萬海,2019-10-16,17.3484,17.3484,17.0111,17.1557,2321,41242,1111,2218297,16.04,1.12,-0.0055819615117087525,跌
188,2615 萬海,2019-10-17,17.2038,17.2038,16.9147,17.0111,1874,33104,920,2218297,15.9,1.11,-0.008428685509772292,跌
189,2615 萬海,2019-10-18,17.0593,17.252,16.9629,17.252,1922,34192,763,2218297,16.13,1.12,0.014161341712176161,漲
190,2615 萬海,2019-10-21,17.252,17.5894,17.252,17.493,1675,30365,797,2218297,16.35,1.14,0.013969394852770675,漲
191,2615 萬海,2019-10-22,17.6376,17.6376,17.493,17.5894,1356,24707,507,2218297,16.44,1.15,0.0055107757388671305,漲
192,2615 萬海,2019-10-23,17.6376,17.6376,17.3484,17.4448,2247,40633,1035,2218297,16.31,1.14,-0.00822086029085702,跌
193,2615 萬海,2019-10-24,17.3966,17.7821,17.3484,17.7339,2307,42148,749,2218297,16.58,1.16,0.016572273686141295,漲
194,2615 萬海,2019-10-25,17.7821,18.1195,17.6857,17.9267,2959,55024,980,2218297,16.76,1.17,0.010871833042929185,漲
195,2615 萬海,2019-10-28,17.9749,17.9749,17.7821,17.9749,1675,31140,523,2218297,16.8,1.17,0.0026887268710917987,漲
196,2615 萬海,2019-10-29,17.9749,17.9749,17.6376,17.6857,1566,28941,585,2218297,16.53,1.15,-0.016089102025602424,跌
197,2615 萬海,2019-10-30,17.7339,17.7339,17.5412,17.6857,866,15833,301,2218297,16.53,1.15,0.0,跌
198,2615 萬海,2019-10-31,17.6857,17.6857,17.4448,17.493,1202,21853,408,2218297,16.35,1.14,-0.010895808478036045,跌
199,2615 萬海,2019-11-01,17.493,17.6376,17.4448,17.5894,921,16766,278,2218297,16.44,1.15,0.0055107757388671305,漲
200,2615 萬海,2019-11-04,17.5894,17.8303,17.5894,17.8303,1503,27630,622,2218297,16.67,1.16,0.01369574857584681,漲
201,2615 萬海,2019-11-05,17.8303,17.9267,17.5412,17.9267,2079,38316,580,2218297,16.76,1.17,0.005406527091523931,漲
202,2615 萬海,2019-11-06,17.8785,17.9749,17.8303,17.8303,1150,21330,350,2218297,16.67,1.16,-0.0053774537421834,跌
203,2615 萬海,2019-11-07,17.8303,17.8303,17.5412,17.5894,1057,19359,454,2218297,16.44,1.15,-0.013510709298217074,跌
204,2615 萬海,2019-11-08,17.5894,17.7339,17.493,17.7339,554,10130,253,2218297,16.58,1.16,0.00821517504860866,漲
205,2615 萬海,2019-11-11,17.7339,17.7339,17.3484,17.4448,1139,20637,425,2218297,16.31,1.14,-0.016302110646840104,跌
206,2615 萬海,2019-11-12,17.4448,17.493,17.3484,17.4448,1034,18680,688,2218297,16.31,1.14,0.0,跌
207,2615 萬海,2019-11-13,17.3966,17.5412,17.3002,17.5412,882,15939,501,2218297,16.4,1.14,0.0055260020177932195,漲
208,2615 萬海,2019-11-14,17.5412,17.5412,17.3002,17.493,1104,19920,563,2218297,15.13,1.12,-0.002747816568991936,跌
209,2615 萬海,2019-11-15,17.5894,17.5894,17.3002,17.3484,1640,29580,724,2218297,15,1.11,-0.00826616360830029,跌
210,2615 萬海,2019-11-18,17.3966,17.4448,17.3002,17.3484,507,9125,224,2218297,15,1.11,0.0,跌
211,2615 萬海,2019-11-19,17.3484,17.4448,17.3002,17.3484,810,14601,489,2218297,15,1.11,0.0,跌
212,2615 萬海,2019-11-20,17.3966,17.5894,17.3484,17.5894,713,12941,459,2218297,15.21,1.13,0.013891770999054648,漲
213,2615 萬海,2019-11-21,17.5894,17.5894,17.3966,17.5412,512,9304,346,2218297,15.17,1.13,-0.0027402867636190744,跌
214,2615 萬海,2019-11-22,17.5894,17.6376,17.4448,17.5412,401,7327,240,2218297,15.17,1.13,0.0,跌
215,2615 萬海,2019-11-25,17.5894,17.6857,17.5412,17.5894,766,13986,389,2218297,15.21,1.13,0.002747816568991936,漲
216,2615 萬海,2019-11-26,17.6376,17.6376,17.4448,17.5412,443,8069,231,2218297,15.17,1.13,-0.0027402867636190744,跌
217,2615 萬海,2019-11-27,17.5412,17.6857,17.5412,17.6857,662,12124,344,2218297,15.29,1.13,0.0082377488427246,漲
218,2615 萬海,2019-11-28,17.7339,17.8303,17.6376,17.7821,603,11121,297,2218297,15.38,1.14,0.005450731381850826,漲
219,2615 萬海,2019-11-29,17.8303,17.8303,17.3966,17.493,1149,20978,489,2218297,15.13,1.12,-0.01625792229264267,跌
220,2615 萬海,2019-12-02,17.493,17.6376,17.4448,17.493,524,9547,317,2218297,15.13,1.12,0.0,跌
221,2615 萬海,2019-12-03,17.5412,17.9267,17.5412,17.8785,1741,32060,800,2218297,15.46,1.15,0.022037386383124705,漲
222,2615 萬海,2019-12-04,17.8785,17.8785,17.7339,17.8785,819,15150,454,2218297,15.46,1.15,0.0,跌
223,2615 萬海,2019-12-05,17.8785,17.8785,17.5894,17.7821,1122,20614,469,2218297,15.38,1.14,-0.005391951226333258,跌
224,2615 萬海,2019-12-06,17.6376,17.8303,17.5412,17.7339,1196,21889,668,2218297,15.33,1.14,-0.0027105909875662242,跌
225,2615 萬海,2019-12-09,17.6857,17.8303,17.5894,17.6376,757,13928,351,2218297,15.25,1.13,-0.005430277603911119,跌
226,2615 萬海,2019-12-10,17.6376,17.8785,17.6376,17.7339,859,15816,448,2218297,15.33,1.14,0.005459926520615015,漲
227,2615 萬海,2019-12-11,17.7821,17.7821,17.6376,17.6857,1028,18895,403,2218297,15.29,1.13,-0.002717958260732146,跌
228,2615 萬海,2019-12-12,17.6857,17.8303,17.4448,17.493,1637,29906,617,2218297,15.13,1.12,-0.010895808478036045,跌
229,2615 萬海,2019-12-13,17.493,17.5412,17.2038,17.2038,2422,43572,931,2218297,14.88,1.1,-0.016532327216600782,跌
230,2615 萬海,2019-12-16,17.252,17.4448,17.252,17.4448,1371,24670,706,2218297,15.08,1.12,0.014008532998523561,漲
231,2615 萬海,2019-12-17,17.4448,17.5412,17.3966,17.4448,1208,21887,569,2218297,15.08,1.12,0.0,跌
232,2615 萬海,2019-12-18,17.4448,17.9267,17.4448,17.8303,3238,59420,1324,2218297,15.42,1.14,0.02209827570393472,漲
233,2615 萬海,2019-12-19,17.7339,17.9267,17.6376,17.7339,1612,29691,792,2218297,15.33,1.14,-0.005406527091524131,跌
234,2615 萬海,2019-12-20,17.7339,17.9267,17.7339,17.9267,1334,24697,493,2218297,15.5,1.15,0.010871833042929185,漲
235,2615 萬海,2019-12-23,17.9267,18.0713,17.7821,17.8303,1340,24848,356,2218297,15.42,1.14,-0.0053774537421834,跌
236,2615 萬海,2019-12-24,17.8303,17.9267,17.8303,17.8303,633,11735,270,2218297,15.42,1.14,0.0,跌
237,2615 萬海,2019-12-25,17.8303,18.0231,17.8303,17.9267,1033,19194,468,2218297,15.5,1.15,0.005406527091523931,漲
238,2615 萬海,2019-12-26,17.9749,17.9749,17.8303,17.9267,467,8675,236,2218297,15.5,1.15,0.0,跌
239,2615 萬海,2019-12-27,17.9749,17.9749,17.7821,17.8303,878,16273,261,2218297,15.42,1.14,-0.0053774537421834,跌
240,2615 萬海,2019-12-30,17.9749,17.9749,17.7821,17.8303,716,13275,215,2218297,15.42,1.14,0.0,跌
241,2615 萬海,2019-12-31,17.7821,17.8303,17.6857,17.8303,765,14126,329,2218297,15.42,1.14,0.0,跌
242,2615 萬海,2020-01-02,17.7821,17.9749,17.7821,17.8303,1111,20644,634,2218297,15.42,1.14,0.0,跌
243,2615 萬海,2020-01-03,17.9749,18.0713,17.8303,17.9267,1467,27264,654,2218297,15.5,1.15,0.005406527091523931,漲
244,2615 萬海,2020-01-06,17.9267,17.9749,17.6376,17.6857,1607,29642,647,2218297,15.29,1.13,-0.013443634355458598,跌
245,2615 萬海,2020-01-07,17.6857,17.7339,17.4448,17.5894,1356,24726,681,2218297,15.21,1.13,-0.005445077096185019,跌
246,2615 萬海,2020-01-08,17.4448,17.5412,17.2038,17.3484,2793,50322,1039,2218297,15,1.11,-0.01370143381809497,跌
247,2615 萬海,2020-01-09,17.493,17.7821,17.3966,17.7821,1396,25493,582,2218297,15.38,1.14,0.024999423577966737,漲
248,2615 萬海,2020-01-10,17.7821,17.7821,17.6376,17.7339,516,9488,322,2218297,15.33,1.14,-0.0027105909875662242,跌
249,2615 萬海,2020-01-13,17.7339,17.8785,17.6857,17.7339,778,14345,310,2218297,15.33,1.14,0.0,跌
250,2615 萬海,2020-01-14,17.7339,17.8303,17.7339,17.7339,877,16189,398,2218297,15.33,1.14,0.0,跌
251,2615 萬海,2020-01-15,17.7339,17.7821,17.5412,17.6376,1069,19549,565,2218297,15.25,1.13,-0.005430277603911119,跌
252,2615 萬海,2020-01-16,17.7821,17.7821,17.4448,17.5894,985,17946,526,2218297,15.21,1.13,-0.002732798113121842,跌
253,2615 萬海,2020-01-17,17.5412,17.5894,17.4448,17.5412,744,13525,412,2218297,15.17,1.13,-0.0027402867636190744,跌
254,2615 萬海,2020-01-20,17.6376,17.6376,17.4448,17.493,1194,21686,399,2218297,15.13,1.12,-0.002747816568991936,跌
255,2615 萬海,2020-01-30,16.8183,16.8665,16.1437,16.1919,4208,71746,1583,2218297,14,1.04,-0.07437832275767439,跌
256,2615 萬海,2020-01-31,16.24,16.5774,16.1919,16.3846,2390,40679,746,2218297,14.17,1.05,0.011901012234512228,漲
257,2615 萬海,2020-02-03,16.1919,16.4328,15.9509,16.4328,2778,46469,918,2218297,14.21,1.05,0.0029417867997998948,漲
258,2615 萬海,2020-02-04,16.4328,16.4328,16.1919,16.3364,2607,44165,971,2218297,14.13,1.05,-0.0058663161481913705,跌
259,2615 萬海,2020-02-05,16.3846,16.5774,16.3364,16.4328,1332,22748,487,2218297,14.21,1.05,0.005900932886070318,漲
260,2615 萬海,2020-02-06,16.5292,16.8183,16.481,16.6738,1322,22805,459,2218297,14.42,1.07,0.014665790370478535,漲
261,2615 萬海,2020-02-07,16.6256,16.6256,16.4328,16.481,1435,24607,448,2218297,14.25,1.06,-0.011563051014165835,跌
262,2615 萬海,2020-02-10,16.3846,16.481,16.24,16.2882,1907,32365,562,2218297,14.08,1.05,-0.011698319276743028,跌
263,2615 萬海,2020-02-11,16.2882,16.3846,16.1919,16.3364,919,15554,380,2218297,14.13,1.05,0.002959197455827001,漲
264,2615 萬海,2020-02-12,16.2882,16.481,16.2882,16.4328,1119,19056,459,2218297,14.21,1.05,0.005900932886070318,漲
265,2615 萬海,2020-02-13,16.4328,16.5774,16.3846,16.5292,1987,33994,704,2218297,14.29,1.06,0.0058663161481913705,漲
266,2615 萬海,2020-02-14,16.5292,16.6256,16.5292,16.5292,1236,21252,354,2218297,14.29,1.06,0.0,跌
267,2615 萬海,2020-02-17,16.5292,16.7219,16.5292,16.6738,1766,30470,857,2218297,14.42,1.07,0.008748154780630672,漲
268,2615 萬海,2020-02-18,16.6256,16.9629,16.5774,16.9147,1410,24621,530,2218297,14.63,1.09,0.01444781633460878,漲
269,2615 萬海,2020-02-19,16.9147,17.1075,16.8183,16.8665,1891,33290,824,2218297,14.58,1.08,-0.0028495923664032677,跌
270,2615 萬海,2020-02-20,16.8665,17.0111,16.8665,16.9629,1097,19295,388,2218297,14.67,1.09,0.005715471496754081,漲
271,2615 萬海,2020-02-21,16.9629,17.0593,16.8665,16.9147,1282,22554,470,2218297,14.63,1.09,-0.0028414952631921047,跌
272,2615 萬海,2020-02-24,16.6738,16.8183,16.5774,16.6256,1487,25796,453,2218297,14.38,1.07,-0.017091642181061517,跌
273,2615 萬海,2020-02-25,16.3846,16.9147,16.3846,16.7701,1450,25002,548,2218297,14.5,1.08,0.008691415648157104,漲
274,2615 萬海,2020-02-26,16.7701,16.9147,16.6256,16.8665,681,11917,254,2218297,14.58,1.08,0.005748325889529529,漲
275,2615 萬海,2020-02-27,16.9629,16.9629,16.6738,16.7219,1222,21292,650,2218297,14.46,1.07,-0.008573207245130702,跌
276,2615 萬海,2020-03-02,16.3846,16.7219,16.3846,16.5292,1512,26000,857,2218297,14.29,1.06,-0.01152381009335076,跌
277,2615 萬海,2020-03-03,16.5774,16.6738,16.5774,16.6256,560,9662,299,2218297,14.38,1.07,0.005832103187087044,漲
278,2615 萬海,2020-03-04,16.3846,16.5774,16.3846,16.5774,844,14440,383,2218297,14.33,1.06,-0.0028991434895581395,跌
279,2615 萬海,2020-03-05,16.5774,16.7701,16.481,16.5292,877,15091,557,2218297,14.29,1.06,-0.002907572960778008,跌
280,2615 萬海,2020-03-06,16.5774,16.5774,16.1919,16.2882,1701,28804,921,2218297,14.08,1.05,-0.014580257967717716,跌
281,2615 萬海,2020-03-09,16.3364,16.3846,15.9027,15.9027,2064,34322,1136,2218297,13.75,1.02,-0.023667440232806595,跌
282,2615 萬海,2020-03-10,15.8063,16.1437,15.6136,16.0473,1858,30521,714,2218297,13.88,1.03,0.009092795563017633,漲
283,2615 萬海,2020-03-11,16.1437,16.1919,15.71,15.9027,1829,30238,938,2218297,13.75,1.02,-0.009010861640275966,跌
284,2615 萬海,2020-03-12,15.71,15.7581,15.1317,15.1317,2605,41323,1096,2218297,13.08,0.97,-0.04848233318870374,跌
285,2615 萬海,2020-03-13,14.457,14.6498,13.9751,14.5534,4052,59556,1235,2218297,12.58,0.93,-0.03821778121427206,跌
286,2615 萬海,2020-03-16,14.6016,14.6016,13.7824,13.7824,2545,37146,1057,2218297,11.92,0.88,-0.05297731114378764,跌
287,2615 萬海,2020-03-17,13.3005,13.6378,12.8186,12.9149,3494,47281,1483,2218297,11.17,0.83,-0.06294259345251926,跌
288,2615 萬海,2020-03-18,13.1077,13.1559,12.5294,12.674,4432,58871,1759,2218297,10.96,0.81,-0.018652873812418206,跌
289,2615 萬海,2020-03-19,12.3367,12.433,11.421,11.4692,8606,104310,2732,2218297,9.92,0.74,-0.09506075430014192,跌
290,2615 萬海,2020-03-20,12.0475,12.1921,11.662,12.0957,5464,67519,1646,2218297,10.46,0.78,0.05462455969030098,漲
291,2615 萬海,2020-03-23,11.421,11.9993,11.421,11.8066,3667,44451,691,2218297,10.21,0.76,-0.023901055747083774,跌
292,2615 萬海,2020-03-24,12.0957,12.2403,11.9511,12.1439,3354,42136,933,2218297,10.5,0.78,0.02856876662205892,漲
293,2615 萬海,2020-03-25,12.5294,13.1559,12.5294,12.7704,3455,46274,1208,2218297,11.04,0.82,0.05158968700335148,漲
294,2615 萬海,2020-03-26,13.0595,13.2523,12.674,13.1077,2996,40216,936,2218297,11.33,0.84,0.026412641734009822,漲
295,2615 萬海,2020-03-27,13.686,13.7342,13.3005,13.3968,3176,44440,1078,2218297,11.58,0.86,0.022055738230200666,漲
296,2615 萬海,2020-03-30,13.3486,13.3968,13.0113,13.3486,2465,33725,886,2218297,11.54,0.86,-0.003597874119192744,跌
297,2615 萬海,2020-03-31,13.5414,13.5896,13.1559,13.2523,2500,34574,740,2218297,8.54,0.84,-0.007214239695548551,跌
298,2615 萬海,2020-04-01,13.3968,13.8787,13.3005,13.8305,3644,51331,1427,2218297,8.91,0.88,0.04363016231144788,漲
299,2615 萬海,2020-04-06,13.8305,13.8305,13.5896,13.7824,1767,25157,653,2218297,8.88,0.88,-0.0034778207584685882,跌
300,2615 萬海,2020-04-07,14.0233,14.2643,13.9751,13.9751,2922,42689,1011,2218297,9.01,0.89,0.013981599721383686,漲
301,2615 萬海,2020-04-08,13.9751,14.4088,13.9751,14.4088,1972,29166,837,2218297,9.29,0.92,0.031033767200234704,漲
302,2615 萬海,2020-04-09,14.457,14.6498,14.4088,14.5534,2737,41326,988,2218297,9.38,0.93,0.010035533840430884,漲
303,2615 萬海,2020-04-10,14.5534,14.7462,14.5052,14.7462,1679,25433,597,2218297,9.5,0.94,0.013247763409237709,漲
304,2615 萬海,2020-04-13,14.7462,14.8425,14.4088,14.5052,2256,34171,800,2218297,9.35,0.92,-0.01634319350069846,跌
305,2615 萬海,2020-04-14,14.5052,14.8907,14.5052,14.8907,1258,19253,494,2218297,9.6,0.95,0.02657667595069357,漲
306,2615 萬海,2020-04-15,15.0353,15.7581,15.0353,15.5172,4541,72697,1434,2218297,10,0.99,0.042073240344644644,漲
307,2615 萬海,2020-04-16,15.3244,15.3726,15.1799,15.3726,1969,31227,676,2218297,9.91,0.98,-0.009318691516510743,跌
308,2615 萬海,2020-04-17,15.5654,15.8063,15.3244,15.5654,2827,45699,906,2218297,10.03,0.99,0.012541795142005912,漲
309,2615 萬海,2020-04-20,15.5654,15.6136,15.4208,15.5172,1061,17061,383,2218297,10,0.99,-0.0030966117157284474,跌
310,2615 萬海,2020-04-21,15.4208,16.0955,15.2762,15.3726,4415,71592,1710,2218297,9.91,0.98,-0.009318691516510743,跌
311,2615 萬海,2020-04-22,15.3244,15.3244,14.9871,15.2281,1034,16255,494,2218297,9.81,0.97,-0.009399841276036632,跌
312,2615 萬海,2020-04-23,15.2762,15.469,15.2281,15.4208,1024,16301,350,2218297,9.94,0.98,0.012654237889165445,漲
313,2615 萬海,2020-04-24,15.3726,15.4208,15.2281,15.3726,661,10508,282,2218297,9.91,0.98,-0.003125648474787273,跌
314,2615 萬海,2020-04-27,15.4208,15.8063,15.4208,15.8063,1906,31059,687,2218297,10.19,1.01,0.02821253398904544,漲
315,2615 萬海,2020-04-28,15.9027,15.9991,15.7581,15.8063,2072,34040,579,2218297,10.19,1.01,0.0,跌
316,2615 萬海,2020-04-29,15.9027,16.2882,15.9027,16.0955,4293,71959,1195,2218297,10.37,1.03,0.018296502027672575,漲
317,2615 萬海,2020-04-30,16.3364,16.4328,16.0955,16.2882,2882,48778,1040,2218297,10.5,1.04,0.011972290391724304,漲
318,2615 萬海,2020-05-04,16.1919,16.1919,15.8545,15.9509,2153,35657,733,2218297,10.28,1.02,-0.020708242776979597,跌
319,2615 萬海,2020-05-05,15.9509,15.9991,15.7581,15.8063,1369,22557,619,2218297,10.19,1.01,-0.009065319198289783,跌
320,2615 萬海,2020-05-06,15.8545,15.9509,15.8063,15.8545,1003,16526,438,2218297,10.22,1.01,0.003049417004612058,漲
321,2615 萬海,2020-05-07,15.9991,16.0955,15.9509,16.0955,1125,18747,450,2218297,10.37,1.03,0.015200731653473867,漲
322,2615 萬海,2020-05-08,16.1919,16.3364,16.0955,16.1437,1042,17502,358,2218297,10.4,1.03,0.0029946258270943924,漲
323,2615 萬海,2020-05-11,16.1919,16.2882,16.0955,16.24,1253,21056,401,2218297,10.47,1.04,0.0059651752696097795,漲
324,2615 萬海,2020-05-12,16.1919,16.1919,15.7581,15.8063,2246,37144,936,2218297,13.9,1.01,-0.026705665024630433,跌
325,2615 萬海,2020-05-13,15.5172,15.5654,15.3244,15.3726,3108,49718,990,2218297,13.52,0.98,-0.027438426450212886,跌
326,2615 萬海,2020-05-14,15.2762,15.3244,14.9871,15.0353,2083,32737,804,2218297,13.22,0.96,-0.021941636418042545,跌
327,2615 萬海,2020-05-15,15.0835,15.2281,14.8907,14.9871,1397,21748,484,2218297,13.18,0.96,-0.0032057890431184998,跌
328,2615 萬海,2020-05-18,14.9871,15.2762,14.9871,15.1799,901,14213,373,2218297,13.35,0.97,0.012864396714507816,漲
329,2615 萬海,2020-05-19,15.3726,15.5654,15.3726,15.4208,1094,17544,511,2218297,13.56,0.98,0.015869669760670353,漲
330,2615 萬海,2020-05-20,15.4208,15.6136,15.4208,15.469,1100,17716,409,2218297,13.6,0.99,0.003125648474787273,漲
331,2615 萬海,2020-05-21,15.6618,15.7581,15.6136,15.6618,1000,16291,343,2218297,13.77,1,0.012463636951322004,漲
332,2615 萬海,2020-05-22,15.6618,15.71,15.3726,15.3726,1048,16877,456,2218297,13.52,0.98,-0.01846531050070868,跌
333,2615 萬海,2020-05-25,15.4208,15.5654,15.3726,15.5172,573,9195,230,2218297,13.64,0.99,0.009406346356504463,漲
334,2615 萬海,2020-05-26,15.469,15.71,15.469,15.6136,966,15682,596,2218297,13.73,1,0.006212461011007086,漲
335,2615 萬海,2020-05-27,15.8063,15.9509,15.6136,15.7581,1697,27861,789,2218297,13.86,1,0.009254752267254236,漲
336,2615 萬海,2020-05-28,15.7581,15.9027,15.3726,15.469,2390,38844,860,2218297,13.6,0.99,-0.018346120407917277,跌
337,2615 萬海,2020-05-29,15.5172,15.71,15.4208,15.71,554,8998,253,2218297,13.81,1,0.015579546189152593,漲
338,2615 萬海,2020-06-01,15.71,15.8063,15.6136,15.71,685,11194,319,2218297,13.81,1,0.0,跌
339,2615 萬海,2020-06-02,15.7581,15.8063,15.6136,15.6136,1137,18525,408,2218297,13.73,1,-0.006136218968809734,跌
340,2615 萬海,2020-06-03,15.8063,15.9991,15.71,15.9509,1920,31696,935,2218297,14.03,1.02,0.021602961520725574,漲
341,2615 萬海,2020-06-04,15.9991,16.0955,15.9027,15.9509,825,13684,433,2218297,14.03,1.02,0.0,跌
342,2615 萬海,2020-06-05,15.9509,16.24,15.9509,16.0955,1729,29011,705,2218297,14.15,1.03,0.009065319198289783,漲
343,2615 萬海,2020-06-08,16.24,16.481,16.1919,16.4328,2055,34950,822,2218297,14.45,1.05,0.020956167873007924,漲
344,2615 萬海,2020-06-09,16.5292,16.5774,16.3846,16.3846,1395,23833,448,2218297,14.41,1.04,-0.0029331580740957932,跌
345,2615 萬海,2020-06-10,16.481,16.481,16.2882,16.3846,1342,22787,414,2218297,14.41,1.04,0.0,跌
346,2615 萬海,2020-06-11,16.2882,16.3364,16.0473,16.0473,1682,28283,902,2218297,14.11,1.02,-0.02058640430648286,跌
347,2615 萬海,2020-06-12,15.5172,15.8063,15.5172,15.8063,1117,18200,381,2218297,13.9,1.01,-0.015018102733793203,跌
348,2615 萬海,2020-06-15,15.8063,15.9509,15.71,15.71,1097,17971,344,2218297,13.81,1,-0.006092507417928256,跌
349,2615 萬海,2020-06-16,15.9027,16.1437,15.7581,16.0955,1182,19632,396,2218297,14.15,1.03,0.02453851050286444,漲
350,2615 萬海,2020-06-17,16.0955,16.0955,15.8545,15.8545,1050,17388,570,2218297,13.94,1.01,-0.014973129135472735,跌
351,2615 萬海,2020-06-18,15.8545,16.0473,15.8545,15.9027,782,12936,371,2218297,13.98,1.01,0.0030401463306947286,漲
352,2615 萬海,2020-06-19,15.9027,15.9991,15.6618,15.6618,1909,31319,720,2218297,13.77,1,-0.015148371031334295,跌
353,2615 萬海,2020-06-22,15.8063,15.9991,15.71,15.7581,934,15350,381,2218297,13.86,1,0.0061487185380991434,漲
354,2615 萬海,2020-06-23,15.9509,16.0955,15.8545,15.9991,2264,37556,644,2218297,14.07,1.02,0.015293721958865577,漲
355,2615 萬海,2020-06-24,16.0473,16.0955,15.9991,16.0473,925,15384,306,2218297,14.11,1.02,0.003012669462657248,漲
356,2615 萬海,2020-06-29,15.9027,15.9509,15.71,15.9027,1299,21407,325,2218297,13.98,1.01,-0.009010861640275966,跌
357,2615 萬海,2020-06-30,15.9991,15.9991,15.8063,15.8545,1157,19053,348,2218297,13.94,1.01,-0.003030931854339174,跌
358,2615 萬海,2020-07-01,15.8545,15.9509,15.8063,15.9027,677,11160,301,2218297,13.98,1.01,0.0030401463306947286,漲
359,2615 萬海,2020-07-02,15.9027,15.9509,15.8545,15.9027,661,10908,311,2218297,13.98,1.01,0.0,跌
360,2615 萬海,2020-07-03,15.9509,16.2882,15.9509,16.2882,2931,49207,1391,2218297,14.32,1.04,0.024241166594351927,漲
361,2615 萬海,2020-07-06,16.4328,17.0111,16.24,17.0111,5221,90070,1576,2218297,14.96,1.08,0.044381822423594945,漲
362,2615 萬海,2020-07-07,17.0593,17.7339,16.6738,17.7339,9642,172524,2869,2218297,15.59,1.13,0.0424899036511454,漲
363,2615 萬海,2020-07-08,17.7339,18.2158,17.3966,18.0231,8498,158448,3406,2218297,15.85,1.15,0.016307749564393677,漲
364,2615 萬海,2020-07-09,18.1195,18.1676,17.5412,17.8303,5947,109979,2618,2218297,15.68,1.14,-0.010697382803180269,跌
365,2615 萬海,2020-07-10,17.8303,17.9749,17.3484,17.9749,4874,89809,1937,2218297,15.81,1.15,0.008109790637285997,漲
366,2615 萬海,2020-07-13,17.9749,18.3122,17.8303,18.1195,4589,86092,1327,2218297,15.93,1.16,0.008044551012801014,漲
367,2615 萬海,2020-07-14,18.1195,18.1195,17.4448,18.0231,3328,61543,1268,2218297,15.85,1.15,-0.005320235105825169,跌
368,2615 萬海,2020-07-15,18.0231,18.0231,17.7339,17.9267,2234,41358,826,2218297,15.76,1.14,-0.0053486914015901344,跌
369,2615 萬海,2020-07-16,18.0231,18.2158,17.7821,17.8785,3475,64935,1121,2218297,15.72,1.14,-0.0026887268710917987,跌
370,2615 萬海,2020-07-17,17.8303,17.8303,17.1075,17.4448,3532,63859,1333,2218297,15.34,1.11,-0.024258187208099014,跌
371,2615 萬海,2020-07-20,17.3484,17.3484,17.0593,17.252,1458,26006,558,2218297,15.17,1.1,-0.011052004035586642,跌
372,2615 萬海,2020-07-21,17.3484,17.5412,17.252,17.3484,1877,33782,637,2218297,15.25,1.11,0.005587757941108435,漲
373,2615 萬海,2020-07-22,17.3966,17.4448,17.1557,17.2038,963,17253,370,2218297,15.13,1.1,-0.008335062599432829,跌
374,2615 萬海,2020-07-23,17.2038,17.2038,16.9629,17.0593,1514,26810,620,2218297,15,1.09,-0.008399307129820198,跌
375,2615 萬海,2020-07-24,16.9629,16.9629,16.6256,16.8665,2549,44496,869,2218297,14.83,1.08,-0.011301753295856328,跌
376,2615 萬海,2020-07-27,16.8183,16.8183,16.481,16.5292,1330,22953,533,2218297,14.53,1.05,-0.019998221326297635,跌
377,2615 萬海,2020-07-28,16.5292,16.7701,16.1437,16.3364,2218,37634,767,2218297,14.36,1.04,-0.011664206374174087,跌
378,2615 萬海,2020-07-29,16.1919,16.6256,16.1919,16.3846,1364,23241,788,2218297,14.41,1.04,0.00295046644303505,漲
379,2615 萬海,2020-07-30,16.3846,16.5292,16.3364,16.5292,794,13565,266,2218297,14.53,1.05,0.008825360399399467,漲
380,2615 萬海,2020-07-31,16.5774,16.7701,16.5292,16.7701,781,13525,326,2218297,14.75,1.07,0.014574208068146063,漲
381,2615 萬海,2020-08-03,16.8183,16.9147,16.3364,16.4328,2125,36459,805,2218297,14.45,1.05,-0.020113177619692134,跌
382,2615 萬海,2020-08-04,16.5292,16.5774,16.3846,16.5774,857,14684,404,2218297,14.58,1.06,0.008799474222287164,漲
383,2615 萬海,2020-08-05,16.6738,16.7219,16.5292,16.6738,989,17044,321,2218297,14.66,1.06,0.005815145921555802,漲
384,2615 萬海,2020-08-06,16.6738,17.6857,16.6256,17.6376,4662,83763,1649,2218297,15.51,1.12,0.05780326020463236,漲
385,2615 萬海,2020-08-07,17.4448,17.6857,17.1075,17.6376,2348,42601,831,2218297,15.51,1.12,0.0,跌
386,2615 萬海,2020-08-10,17.6376,18.4568,17.5412,18.3122,8069,151408,2241,2218297,16.1,1.17,0.03824783417244986,漲
387,2615 萬海,2020-08-11,18.3122,18.4568,17.9267,18.1195,4232,79730,1442,2218297,15.93,1.16,-0.010523039285285333,跌
388,2615 萬海,2020-08-12,18.264,18.264,17.7339,18.1195,2533,47364,909,2218297,15.93,1.16,0.0,跌
389,2615 萬海,2020-08-13,18.3122,18.7459,18.2158,18.3604,4508,86360,1909,2218297,11.76,1.18,0.013295068848478154,漲
390,2615 萬海,2020-08-14,18.6495,19.9507,18.505,19.1796,21009,419549,7067,2218297,12.28,1.24,0.044617764318860276,漲
391,2615 萬海,2020-08-17,19.4206,19.9025,19.2278,19.3242,14669,297353,5562,2218297,12.38,1.25,0.007539260464243284,漲
392,2615 萬海,2020-08-18,19.4206,19.5652,18.7941,19.3724,12696,253855,3733,2218297,12.41,1.25,0.002494281781393165,漲
393,2615 萬海,2020-08-19,19.5652,20.2398,19.5652,19.6134,13879,285769,4841,2218297,12.56,1.26,0.012440379096033516,漲
394,2615 萬海,2020-08-20,19.9025,20.0953,18.7459,19.2278,12796,258492,4641,2218297,12.31,1.24,-0.019660028347966197,跌
395,2615 萬海,2020-08-21,19.5652,19.7097,19.2278,19.3724,5800,116898,1731,2218297,12.41,1.25,0.007520361143760624,漲
396,2615 萬海,2020-08-24,19.4206,19.7579,19.2278,19.6615,5850,118694,1827,2218297,12.59,1.27,0.014923292932212904,漲
397,2615 萬海,2020-08-25,19.9507,21.3482,19.9025,20.9627,22396,480139,6745,2218297,13.43,1.35,0.06618009816138146,漲
398,2615 萬海,2020-08-26,21.2036,21.4928,21.0591,21.3,14135,311742,4925,2218297,13.64,1.37,0.016090484527279358,漲
399,2615 萬海,2020-08-27,21.6,21.95,20.75,20.9,8080,171660,3123,2218297,12.9,1.3,-0.018779342723004796,跌
400,2615 萬海,2020-08-28,20.95,21.2,20.5,21.0,4321,90299,1578,2218297,12.96,1.3,0.004784688995215379,漲
401,2615 萬海,2020-08-31,21.35,22.15,21.05,21.2,13680,295725,4748,2218297,13.09,1.32,0.00952380952380949,漲
402,2615 萬海,2020-09-01,21.45,21.6,20.75,20.95,5872,123782,2335,2218297,12.93,1.3,-0.01179245283018868,跌
403,2615 萬海,2020-09-02,21.05,21.1,20.4,20.7,6610,136704,2320,2218297,12.78,1.29,-0.011933174224343675,跌
404,2615 萬海,2020-09-03,20.8,20.85,20.2,20.45,7620,155792,2487,2218297,12.62,1.27,-0.012077294685990338,跌
405,2615 萬海,2020-09-04,20.0,20.25,19.7,20.0,8760,174908,3288,2218297,12.35,1.24,-0.02200488997555009,跌
406,2615 萬海,2020-09-07,20.65,20.8,20.1,20.15,11634,238084,3912,2218297,12.44,1.25,0.007499999999999929,漲
407,2615 萬海,2020-09-08,20.35,20.45,19.95,20.0,5020,101041,2191,2218297,12.35,1.24,-0.007444168734491245,跌
408,2615 萬海,2020-09-09,19.8,20.55,19.55,20.4,5055,102114,1854,2218297,12.59,1.27,0.019999999999999928,漲
409,2615 萬海,2020-09-10,20.5,20.6,20.25,20.4,3752,76679,1349,2218297,12.59,1.27,0.0,跌
410,2615 萬海,2020-09-11,20.65,20.7,19.85,20.0,7004,141265,2225,2218297,12.35,1.24,-0.019607843137254832,跌
411,2615 萬海,2020-09-14,20.15,20.15,19.5,19.75,6679,131884,2060,2218297,12.19,1.23,-0.0125,跌
412,2615 萬海,2020-09-15,19.75,19.85,19.35,19.8,5961,116393,2387,2218297,12.22,1.23,0.002531645569620289,漲
413,2615 萬海,2020-09-16,19.8,20.15,19.45,20.1,5299,105265,1653,2218297,12.41,1.25,0.015151515151515187,漲
414,2615 萬海,2020-09-17,20.1,20.3,20.0,20.2,2890,58247,1040,2218297,12.47,1.25,0.004975124378109346,漲
415,2615 萬海,2020-09-18,20.2,20.45,20.15,20.3,3382,68807,1645,2218297,12.53,1.26,0.004950495049505021,漲
416,2615 萬海,2020-09-21,20.3,20.35,20.0,20.2,2385,48090,780,2218297,12.47,1.25,-0.004926108374384306,跌
417,2615 萬海,2020-09-22,20.1,20.1,19.65,19.85,2052,40784,643,2218297,12.25,1.23,-0.01732673267326722,跌
418,2615 萬海,2020-09-23,19.7,19.9,19.35,19.5,3573,69819,1435,2218297,12.04,1.21,-0.017632241813602085,跌
419,2615 萬海,2020-09-24,19.1,19.5,18.95,19.2,5897,112967,1730,2218297,11.85,1.19,-0.015384615384615422,跌
420,2615 萬海,2020-09-25,19.7,20.9,19.7,20.45,15240,309635,5610,2218297,12.62,1.27,0.06510416666666667,漲
421,2615 萬海,2020-09-28,20.6,22.0,20.5,21.65,27096,580951,10793,2218297,13.36,1.34,0.05867970660146696,漲
422,2615 萬海,2020-09-29,21.65,22.5,20.65,21.0,24889,536090,8656,2218297,12.96,1.3,-0.030023094688221647,跌
423,2615 萬海,2020-09-30,21.0,21.5,20.7,21.25,8013,170376,2792,2218297,13.12,1.32,0.011904761904761904,漲
424,2615 萬海,2020-10-05,21.35,22.85,21.35,22.85,20748,460437,7495,2218297,14.1,1.42,0.07529411764705889,漲
425,2615 萬海,2020-10-06,22.7,23.5,22.1,23.45,19375,443931,7800,2218297,14.48,1.46,0.026258205689277805,漲
426,2615 萬海,2020-10-07,23.45,24.5,23.05,24.45,19995,479975,8014,2218297,15.09,1.52,0.042643923240938165,漲
427,2615 萬海,2020-10-08,24.3,24.45,23.2,23.8,14704,348380,5415,2218297,14.69,1.48,-0.026584867075664563,跌
428,2615 萬海,2020-10-12,23.5,23.6,22.45,23.15,11071,253333,4376,2218297,14.29,1.44,-0.02731092436974799,跌
429,2615 萬海,2020-10-13,23.25,25.4,23.2,25.05,28936,708489,11440,2218297,15.46,1.56,0.08207343412527007,漲
430,2615 萬海,2020-10-14,24.7,25.4,24.25,24.55,14639,360557,5977,2218297,15.15,1.52,-0.01996007984031936,跌
431,2615 萬海,2020-10-15,24.35,24.8,23.85,24.05,7860,190548,3427,2218297,14.85,1.49,-0.020366598778004074,跌
432,2615 萬海,2020-10-16,24.15,24.4,23.5,23.55,6104,145944,2490,2218297,14.54,1.46,-0.020790020790020788,跌
433,2615 萬海,2020-10-19,23.6,23.95,23.15,23.55,4141,97178,1789,2218297,14.54,1.46,0.0,跌
434,2615 萬海,2020-10-20,23.65,25.3,23.4,25.25,20587,509282,8349,2218297,15.59,1.57,0.07218683651804668,漲
435,2615 萬海,2020-10-21,25.45,25.75,24.85,25.3,17269,436252,6555,2218297,15.62,1.57,0.0019801980198020084,漲
436,2615 萬海,2020-10-22,25.0,25.2,24.2,24.45,5884,144578,2571,2218297,15.09,1.52,-0.03359683794466409,跌
437,2615 萬海,2020-10-23,24.6,25.2,24.55,24.6,6370,158245,2418,2218297,15.19,1.53,0.006134969325153462,漲
438,2615 萬海,2020-10-26,24.8,27.05,24.8,26.85,30613,798511,11578,2218297,16.57,1.67,0.09146341463414634,漲
439,2615 萬海,2020-10-27,26.5,26.8,26.0,26.1,10242,269626,5491,2218297,16.11,1.62,-0.027932960893854747,跌
440,2615 萬海,2020-10-28,26.3,27.4,26.1,26.15,12151,323471,5409,2218297,16.14,1.62,0.0019157088122604274,漲
441,2615 萬海,2020-10-29,25.6,26.95,25.4,26.7,8907,235149,3769,2218297,16.48,1.66,0.02103250478011475,漲
442,2615 萬海,2020-10-30,26.7,26.8,26.05,26.2,6899,182136,2823,2218297,16.17,1.63,-0.018726591760299626,跌
443,2615 萬海,2020-11-02,26.8,28.3,26.3,27.0,25006,686930,10197,2218297,16.67,1.68,0.030534351145038195,漲
444,2615 萬海,2020-11-03,27.2,28.9,27.15,28.6,25635,721721,10357,2218297,17.65,1.78,0.05925925925925931,漲
445,2615 萬海,2020-11-04,28.45,28.9,27.65,28.9,15321,433385,6569,2218297,17.84,1.8,0.01048951048951039,漲
446,2615 萬海,2020-11-05,28.7,29.35,28.35,28.95,10523,304373,4778,2218297,17.87,1.8,0.0017301038062283985,漲
447,2615 萬海,2020-11-06,29.0,29.4,28.75,29.35,7452,216901,3127,2218297,18.12,1.82,0.013816925734024254,漲
448,2615 萬海,2020-11-09,30.75,32.25,30.65,32.25,16500,523056,5666,2218297,19.91,2,0.09880749574105617,漲
449,2615 萬海,2020-11-10,32.0,33.6,29.1,29.8,68534,2148987,27591,2218297,18.4,1.85,-0.07596899224806199,跌
450,2615 萬海,2020-11-11,30.4,32.7,29.0,32.45,48011,1489443,20033,2218297,20.03,2.02,0.08892617449664436,漲
451,2615 萬海,2020-11-12,32.0,32.45,30.7,31.2,21969,691612,9596,2218297,19.26,1.94,-0.03852080123266575,跌
452,2615 萬海,2020-11-13,31.4,32.45,30.35,30.6,24372,759303,9798,2218297,14.3,1.84,-0.019230769230769162,跌
453,2615 萬海,2020-11-16,31.6,32.25,31.1,31.55,18774,594692,7706,2218297,14.74,1.9,0.031045751633986905,漲
454,2615 萬海,2020-11-17,31.55,34.1,31.25,33.35,31627,1034490,12952,2218297,15.58,2,0.05705229793977815,漲
455,2615 萬海,2020-11-18,33.1,36.6,32.85,36.4,51747,1827068,21085,2218297,17.01,2.19,0.09145427286356812,漲
456,2615 萬海,2020-11-19,36.25,38.25,35.5,37.45,65137,2405700,28725,2218297,17.5,2.25,0.028846153846153966,漲
457,2615 萬海,2020-11-20,37.2,38.0,36.75,36.75,27322,1021973,11391,2218297,17.17,2.21,-0.018691588785046804,跌
458,2615 萬海,2020-11-23,37.75,38.4,37.2,37.45,25979,980307,10716,2218297,17.5,2.25,0.019047619047619126,漲
459,2615 萬海,2020-11-24,38.3,38.35,36.65,37.2,19540,730836,9251,2218297,17.38,2.24,-0.006675567423230974,跌
460,2615 萬海,2020-11-25,38.2,40.9,37.6,40.9,51761,2033254,21263,2218297,19.11,2.46,0.09946236559139773,漲
461,2615 萬海,2020-11-26,41.5,44.2,39.95,40.65,79504,3328702,35836,2218297,19,2.44,-0.006112469437652812,跌
462,2615 萬海,2020-11-27,41.0,43.35,40.25,43.0,35534,1485129,16672,2218297,20.09,2.58,0.057810578105781094,漲
463,2615 萬海,2020-11-30,43.6,44.2,42.7,43.7,33222,1436148,13548,2218297,20.42,2.63,0.016279069767441926,漲
464,2615 萬海,2020-12-01,43.5,43.7,41.05,41.1,36476,1527517,16270,2218297,19.21,2.47,-0.059496567505720854,跌
465,2615 萬海,2020-12-02,41.5,41.8,39.5,40.0,39486,1593696,18636,2218297,18.69,2.4,-0.026763990267639936,跌
466,2615 萬海,2020-12-03,40.35,41.4,39.1,39.5,30344,1217391,14153,2218297,18.46,2.37,-0.0125,跌
467,2615 萬海,2020-12-04,39.55,39.9,37.65,38.0,31278,1201958,14140,2218297,17.76,2.28,-0.0379746835443038,跌
468,2615 萬海,2020-12-07,38.5,39.9,36.8,38.25,37515,1434613,15729,2218297,17.87,2.3,0.006578947368421052,漲
469,2615 萬海,2020-12-08,39.2,42.0,38.8,40.6,67399,2761803,27832,2218297,18.97,2.44,0.061437908496732065,漲
470,2615 萬海,2020-12-09,41.05,42.25,40.8,41.4,53216,2208945,19725,2218297,19.35,2.49,0.019704433497536877,漲
471,2615 萬海,2020-12-10,42.0,42.95,41.25,41.4,43014,1803840,19169,2218297,19.35,2.49,0.0,跌
472,2615 萬海,2020-12-11,41.8,42.15,38.95,38.95,39682,1602166,17515,2218297,18.2,2.34,-0.05917874396135256,跌
473,2615 萬海,2020-12-14,39.6,41.8,39.35,40.75,34791,1415578,15299,2218297,19.04,2.45,0.04621309370988439,漲
474,2615 萬海,2020-12-15,41.15,42.45,39.5,40.0,42090,1724503,17644,2218297,18.69,2.4,-0.018404907975460124,跌
475,2615 萬海,2020-12-16,41.1,41.4,40.3,41.0,18540,756821,8008,2218297,19.16,2.46,0.025,漲
476,2615 萬海,2020-12-17,41.4,42.5,40.5,42.35,30478,1271571,13035,2218297,19.79,2.55,0.03292682926829272,漲
477,2615 萬海,2020-12-18,42.75,44.3,42.6,43.2,81988,3574014,33848,2218297,20.19,2.6,0.020070838252656466,漲
478,2615 萬海,2020-12-21,43.75,47.5,43.3,47.5,86225,3956824,33921,2218297,22.2,2.85,0.09953703703703697,漲
479,2615 萬海,2020-12-22,47.75,50.4,42.75,43.15,158067,7481456,66384,2218297,20.16,2.59,-0.09157894736842108,跌
480,2615 萬海,2020-12-23,43.5,45.5,42.25,45.45,71692,3144848,28351,2218297,21.24,2.73,0.053302433371958384,漲
481,2615 萬海,2020-12-24,45.8,46.7,45.0,45.25,50793,2325211,20430,2218297,21.14,2.72,-0.004400440044004463,跌
482,2615 萬海,2020-12-25,47.5,49.2,46.5,48.0,89599,4296206,38277,2218297,22.43,2.88,0.06077348066298342,漲
483,2615 萬海,2020-12-28,48.7,52.8,48.5,52.8,94547,4912502,33934,2218297,24.67,3.17,0.09999999999999994,漲
484,2615 萬海,2020-12-29,53.8,57.7,48.15,49.35,213472,11350999,90464,2218297,23.06,2.97,-0.06534090909090902,跌
485,2615 萬海,2020-12-30,50.4,51.5,47.6,50.1,106506,5286001,45081,2218297,23.41,3.01,0.015197568389057751,漲
486,2615 萬海,2020-12-31,50.2,53.0,49.65,52.9,88314,4565966,35771,2218297,24.72,3.18,0.055888223552894155,漲
487,2615 萬海,2021-01-04,49.3083,52.0225,48.2226,51.6606,143668,8015043,58283,2218297,26.68,3.43,-0.023429111531190858,跌
488,2615 萬海,2021-01-05,51.8415,51.8415,48.675,49.3987,90161,4978085,36911,2218297,25.51,3.28,-0.043783850748926725,跌
489,2615 萬海,2021-01-06,49.3083,50.213,45.237,45.5084,72871,3830082,31869,2218297,23.5,3.02,-0.07875308459534353,跌
490,2615 萬海,2021-01-07,46.3226,46.6845,40.9847,42.8394,102293,4822915,43517,2218297,22.13,2.85,-0.058648513241511546,跌
491,2615 萬海,2021-01-08,42.8394,44.7846,41.618,43.8798,64996,3133836,27291,2218297,22.66,2.91,0.02428605442653271,漲
492,2615 萬海,2021-01-11,43.9703,45.8703,43.4275,45.5988,53566,2655359,21570,2218297,23.55,3.03,0.03917520134549369,漲
493,2615 萬海,2021-01-12,47.1369,47.4988,42.568,44.3774,90386,4454945,36079,2218297,22.92,2.95,-0.026785792608577323,跌
494,2615 萬海,2021-01-13,44.6036,45.056,43.3822,43.4275,40316,1968148,16062,2218297,22.43,2.88,-0.02140503950208889,跌
495,2615 萬海,2021-01-14,43.6537,45.4179,43.4275,43.4727,44425,2191581,18057,2218297,22.45,2.89,0.0010408151516896262,漲
496,2615 萬海,2021-01-15,42.6584,42.8846,39.13,39.13,57214,2545278,25547,2218297,20.21,2.6,-0.09989487655471135,跌
497,2615 萬海,2021-01-18,38.18,40.8037,36.7324,40.8037,76043,3280935,29423,2218297,21.07,2.71,0.04277280858676199,漲
498,2615 萬海,2021-01-19,42.2965,42.7037,38.5419,39.0847,58284,2614187,22988,2218297,20.19,2.6,-0.042128532461517,跌
499,2615 萬海,2021-01-20,39.2204,39.8085,37.7729,38.0895,46660,1991639,18073,2218297,19.67,2.53,-0.025462649067282007,跌
500,2615 萬海,2021-01-21,38.9038,41.3466,38.6324,38.6324,50181,2203350,19816,2218297,19.95,2.57,0.014253271899079692,漲
501,2615 萬海,2021-01-22,38.6324,41.1656,38.3157,40.5323,33948,1502722,14630,2218297,20.93,2.69,0.04917892753233044,漲
502,2615 萬海,2021-01-25,40.7133,42.4323,40.5775,41.3013,29096,1336943,13229,2218297,21.33,2.74,0.018972523148205217,漲
503,2615 萬海,2021-01-26,41.618,42.3418,40.5323,41.2561,28592,1306689,12157,2218297,21.31,2.74,-0.0010943965444185568,跌
504,2615 萬海,2021-01-27,41.7085,41.9799,40.0347,40.3061,20152,911906,7906,2218297,20.82,2.68,-0.023026897840561826,跌
505,2615 萬海,2021-01-28,39.6276,41.4823,39.0395,40.4871,25370,1141453,9859,2218297,20.91,2.69,0.004490635412505734,漲
506,2615 萬海,2021-01-29,40.8037,41.1204,38.1347,38.7228,18736,816177,7694,2218297,20,2.57,-0.04357684299443523,跌
507,2615 萬海,2021-02-01,38.9038,39.3561,37.0491,37.411,20712,867846,9860,2218297,19.32,2.48,-0.033876682471308844,跌
508,2615 萬海,2021-02-02,37.8181,40.8037,37.23,39.3561,48302,2097865,19893,2218297,20.33,2.61,0.05199272941113567,漲
509,2615 萬海,2021-02-03,39.1752,39.9895,37.8181,38.2252,29315,1267546,12018,2218297,19.74,2.54,-0.028735062671352014,跌
510,2615 萬海,2021-02-04,38.3609,39.6728,37.999,39.3561,15474,663039,6779,2218297,20.33,2.61,0.029585195106892753,漲
511,2615 萬海,2021-02-05,39.3561,39.4466,38.18,38.18,18947,810861,8312,2218297,19.72,2.54,-0.029883550453423946,跌
512,2615 萬海,2021-02-17,38.949,40.3966,38.0895,39.718,25286,1091560,11126,2218297,20.51,2.64,0.04028287061288643,漲
513,2615 萬海,2021-02-18,40.3966,42.9751,40.0799,40.9394,43902,2007007,20301,2218297,21.14,2.72,0.030751800191348898,漲
514,2615 萬海,2021-02-19,40.7133,41.2109,39.9442,40.2609,16284,728005,8329,2218297,20.79,2.67,-0.016573276599070815,跌
515,2615 萬海,2021-02-22,42.4323,43.1561,41.8894,42.2965,42619,2004028,16392,2218297,21.85,2.81,0.05056022095879631,漲
516,2615 萬海,2021-02-23,42.568,44.0156,42.1608,42.2513,32833,1556013,14319,2218297,21.82,2.81,-0.0010686463418959308,跌
517,2615 萬海,2021-02-24,42.568,43.2465,41.3013,41.618,22843,1065920,10390,2218297,21.5,2.76,-0.01498888791587474,跌
518,2615 萬海,2021-02-25,42.6132,43.6537,42.2965,42.7942,18625,884165,7947,2218297,22.1,2.84,0.028261809793839066,漲
519,2615 萬海,2021-02-26,42.3418,43.6084,41.7989,43.3822,20358,965236,9094,2218297,22.41,2.88,0.013740179743984022,漲
520,2615 萬海,2021-03-02,43.6084,45.237,40.3966,41.1656,33791,1613513,15672,2218297,21.26,2.73,-0.05109468860500389,跌
521,2615 萬海,2021-03-03,42.0704,43.2918,40.9394,42.7942,16225,755231,7507,2218297,22.1,2.84,0.039562158695609896,漲
522,2615 萬海,2021-03-04,42.7942,42.7942,41.3918,41.6632,11643,539881,5839,2218297,21.52,2.77,-0.026428815119805795,跌
523,2615 萬海,2021-03-05,41.1204,42.2513,40.9847,41.4823,7456,343275,3695,2218297,21.43,2.76,-0.004341961251176126,跌
524,2615 萬海,2021-03-08,42.0251,42.7037,40.9847,41.0752,11755,544027,5369,2218297,21.21,2.73,-0.009813824209361577,跌
525,2615 萬海,2021-03-09,41.3466,43.4275,41.1204,42.9751,18914,886952,8443,2218297,22.2,2.85,0.04625418744157046,漲
526,2615 萬海,2021-03-10,42.7037,43.3822,42.0704,42.5227,17476,823805,7770,2218297,21.96,2.82,-0.010527026115122415,跌
527,2615 萬海,2021-03-11,43.6989,43.7894,42.7037,42.7489,21068,1004701,8017,2218297,22.08,2.84,0.005319511696105813,漲
528,2615 萬海,2021-03-12,43.0203,44.1513,42.7037,42.8846,19414,931501,7909,2218297,22.15,2.85,0.003174350685046865,漲
529,2615 萬海,2021-03-15,43.5179,44.3774,43.337,44.0608,19014,922729,7778,2218297,22.76,2.93,0.027427095041110364,漲
530,2615 萬海,2021-03-16,44.0608,44.106,43.2918,44.0156,11631,562746,4752,2218297,22.73,2.92,-0.0010258551819304516,跌
531,2615 萬海,2021-03-17,44.2417,44.8298,43.9251,44.3322,12102,593944,5805,2218297,22.9,2.94,0.007192904333918,漲
532,2615 萬海,2021-03-18,44.8298,45.3274,44.5584,45.1917,14108,702159,6303,2218297,23.34,3,0.01938771367087573,漲
533,2615 萬海,2021-03-19,45.0108,45.8703,43.9703,44.8298,19257,957498,9356,2218297,23.15,2.98,-0.008008107683490522,跌
534,2615 萬海,2021-03-22,47.5893,49.3083,47.1369,49.3083,57423,3094407,20026,2218297,25.47,3.28,0.09990006647364039,漲
535,2615 萬海,2021-03-23,49.6702,50.6654,45.7798,46.775,69781,3711359,27737,2218297,24.16,3.11,-0.05137674590281969,跌
536,2615 萬海,2021-03-24,46.1417,47.8607,45.7798,47.0464,22641,1176165,9922,2218297,24.3,3.13,0.0058022447888829475,漲
537,2615 萬海,2021-03-25,47.2274,47.3178,45.1012,45.1465,17488,887639,8220,2218297,23.32,3,-0.04038353625357084,跌
538,2615 萬海,2021-03-26,45.7798,48.3131,45.1917,47.8607,25559,1315763,10397,2218297,24.72,3.18,0.06011983210215627,漲
539,2615 萬海,2021-03-29,48.4035,50.5749,48.1321,50.1225,42276,2316848,18199,2218297,25.89,3.33,0.047257979929253034,漲
540,2615 萬海,2021-03-30,50.4844,50.9368,48.1321,49.3987,32517,1775188,13395,2218297,10.71,2.76,-0.014440620479824513,跌
541,2615 萬海,2021-03-31,49.7606,52.2939,49.5797,49.8511,54574,3069851,22636,2218297,10.8,2.78,0.00915813574041431,漲
542,2615 萬海,2021-04-01,50.6654,51.4796,50.1225,50.5749,38562,2160294,14433,2218297,10.96,2.82,0.014519238291632423,漲
543,2615 萬海,2021-04-06,51.3892,52.2939,49.5797,51.932,34548,1961286,14763,2218297,11.25,2.9,0.02683346877601345,漲
544,2615 萬海,2021-04-07,51.8415,53.3796,50.6654,53.1082,30733,1779524,13514,2218297,11.51,2.97,0.022648848494184595,漲
545,2615 萬海,2021-04-08,52.9272,53.832,52.0225,53.2891,26822,1574623,10650,2218297,11.55,2.98,0.0034062536482125393,漲
546,2615 萬海,2021-04-09,53.1987,53.1987,50.6654,52.6558,25576,1469021,11576,2218297,11.41,2.94,-0.011884231484487418,跌
547,2615 萬海,2021-04-12,54.1939,57.9033,53.9224,57.9033,41428,2607696,17480,2218297,12.55,3.23,0.09965663801518546,漲
548,2615 萬海,2021-04-13,58.2652,60.4366,56.5462,58.1747,48200,3105762,20674,2218297,12.61,3.25,0.004687124913433256,漲
549,2615 萬海,2021-04-14,59.1699,61.1604,55.4605,59.0795,56468,3658841,24705,2218297,12.8,3.3,0.0155531528310417,漲
550,2615 萬海,2021-04-15,59.0795,60.8889,57.9033,60.3461,24587,1621629,10814,2218297,13.08,3.37,0.02143890858927372,漲
551,2615 萬海,2021-04-16,60.7985,66.3174,60.4366,66.3174,37308,2604519,16682,2218297,14.37,3.7,0.09895088497848256,漲
552,2615 萬海,2021-04-19,69.0316,72.922,68.9411,72.922,43698,3468912,17570,2218297,15.8,4.07,0.09959075597052945,漲
553,2615 萬海,2021-04-20,75.0029,75.9076,70.7506,73.7362,70234,5661838,33196,2218297,15.98,4.12,0.011165354762623071,漲
554,2615 萬海,2021-04-21,74.0077,81.0646,72.741,81.0646,48567,4238033,21737,2218297,17.57,4.53,0.09938673270388225,漲
555,2615 萬海,2021-04-22,84.1407,88.8454,76.9933,77.6266,97190,9049285,48582,2218297,16.82,4.34,-0.04241062066549397,跌
556,2615 萬海,2021-04-23,80.7027,81.8789,72.3791,74.1886,43388,3653151,22272,2218297,16.08,4.14,-0.044288942192495906,跌
557,2615 萬海,2021-04-26,76.7219,81.6075,76.2695,81.6075,30987,2748675,12095,2218297,17.69,4.56,0.10000053916639495,漲
558,2615 萬海,2021-04-27,83.1455,86.8549,81.4265,82.5122,57059,5324932,28683,2218297,17.88,4.61,0.011085990870937174,漲
559,2615 萬海,2021-04-28,84.955,88.8454,82.6027,83.6884,46320,4408508,24215,2218297,18.14,4.67,0.014254861705299268,漲
560,2615 萬海,2021-04-29,85.7693,86.2216,81.517,85.6788,27872,2584735,14907,2218297,18.57,4.79,0.02378346341906398,漲
561,2615 萬海,2021-05-03,89.4787,94.0929,86.8549,91.831,85917,8685398,41351,2218297,19.9,5.13,0.07180539409982409,漲
562,2615 萬海,2021-05-04,89.8406,92.7357,82.6931,82.6931,74821,7150372,35517,2218297,17.92,4.62,-0.09950779148653506,跌
563,2615 萬海,2021-05-05,81.9694,87.0359,77.9885,83.6884,60549,5601290,28939,2218297,18.14,4.67,0.012036070724159577,漲
564,2615 萬海,2021-05-06,85.9502,87.1264,78.9837,81.336,55450,5084050,28052,2218297,17.63,4.54,-0.028109033032057047,跌
565,2615 萬海,2021-05-07,83.236,83.9598,79.4361,83.5074,40152,3628643,20517,2218297,18.1,4.66,0.026696665683092428,漲
566,2615 萬海,2021-05-10,86.2216,91.831,84.5931,91.831,64344,6360052,32879,2218297,19.9,5.13,0.09967499886237625,漲
567,2615 萬海,2021-05-11,90.3834,95.9023,85.0455,89.2977,83483,8421070,39818,2218297,19.35,4.99,-0.027586544848689408,跌
568,2615 萬海,2021-05-12,84.8645,87.4883,80.4313,80.4313,47470,4351877,21899,2218297,7.6,3.32,-0.09929035126324656,跌
569,2615 萬海,2021-05-13,72.4696,78.3504,72.4696,72.4696,49102,3988206,20770,2218297,6.85,2.99,-0.09898758319211544,跌
570,2615 萬海,2021-05-14,74.2791,75.9981,66.0459,73.8267,80649,6278558,39809,2218297,6.98,3.05,0.01872647289346157,漲
571,2615 萬海,2021-05-17,68.8506,75.6362,67.1316,70.7506,87858,6865470,42140,2218297,6.69,2.92,-0.04166649735122925,跌
572,2615 萬海,2021-05-18,75.0029,77.8076,72.3791,77.8076,33160,2807479,13709,2218297,7.36,3.21,0.09974473714710529,漲
573,2615 萬海,2021-05-19,81.4265,85.5883,79.4361,85.5883,77980,7231071,34008,2218297,8.09,3.53,0.0999992288671031,漲
574,2615 萬海,2021-05-20,85.1359,94.0929,83.236,94.0929,143366,14404229,54363,2218297,8.9,3.88,0.09936638535874642,漲
575,2615 萬海,2021-05-21,99.5213,103.1402,99.0689,103.1402,73376,8290558,20536,2218297,9.75,4.26,0.09615284468860023,漲
576,2615 萬海,2021-05-24,105.8545,113.0924,104.9497,113.0924,128697,15601891,55936,2218297,10.69,4.67,0.09649195948815308,漲
577,2615 萬海,2021-05-25,119.8779,122.5921,101.7831,105.4021,167451,20686225,78999,2218297,9.97,4.35,-0.06800014855109622,跌
578,2615 萬海,2021-05-26,107.6639,115.8066,103.1402,115.8066,116460,14255825,50257,2218297,10.95,4.78,0.0987124544956884,漲
579,2615 萬海,2021-05-27,123.9492,127.1158,120.3303,127.1158,193383,26817372,71016,2218297,12.02,5.25,0.09765591943809757,漲
580,2615 萬海,2021-05-28,132.9966,139.7822,129.3777,139.7822,142549,21318747,64771,2218297,13.22,5.77,0.09964457604798142,漲
581,2615 萬海,2021-05-31,145.663,145.663,128.4729,131.1872,44528,6691523,25927,2218297,12.4,5.42,-0.061488515705147004,跌
582,2615 萬海,2021-06-01,133.9014,144.3059,128.4729,144.3059,23700,3605214,14849,2218297,13.64,5.96,0.09999984754610221,漲
583,2615 萬海,2021-06-02,144.3059,155.6151,142.044,144.7582,26213,4275609,16042,2218297,13.69,5.98,0.0031343139816180743,漲
584,2615 萬海,2021-06-03,148.8296,150.1867,143.8535,145.663,16481,2682726,10718,2218297,13.77,6.01,0.006250423119381306,漲
585,2615 萬海,2021-06-04,143.8535,146.5677,140.2345,140.6869,14789,2334058,10666,2218297,13.3,5.81,-0.03416172947145124,跌
586,2615 萬海,2021-06-07,142.044,142.044,126.6635,138.4251,14152,2116294,10517,2218297,13.09,5.72,-0.01607683444585119,跌
587,2615 萬海,2021-06-08,138.4251,149.2819,138.4251,149.2819,17542,2830559,11364,2218297,14.11,6.16,0.07843086261089949,漲
588,2615 萬海,2021-06-09,149.2819,149.2819,142.044,144.7582,14725,2368568,9393,2218297,13.69,5.98,-0.0303030709014289,跌
589,2615 萬海,2021-06-10,146.5677,146.5677,135.7108,143.8535,13338,2074131,8849,2218297,13.6,5.94,-0.006249732312228193,跌
590,2615 萬海,2021-06-11,146.5677,157.877,146.5677,157.877,24076,4100238,15298,2218297,14.93,6.52,0.09748459370123086,漲
591,2615 萬海,2021-06-15,164.6625,173.2575,164.6625,173.2575,36557,6873026,13671,2218297,16.38,7.15,0.09742077693394213,漲
592,2615 萬海,2021-06-16,187.7333,190.4476,178.2336,185.9239,94396,19511252,49483,2218297,17.58,7.68,0.07310736908936127,漲
593,2615 萬海,2021-06-17,190.4476,192.7094,177.3288,186.3762,108839,22247742,62119,2218297,17.62,7.7,0.002432715750906732,漲
594,2615 萬海,2021-06-18,186.3762,204.9234,181.8525,204.9234,148405,32489339,72829,2218297,19.38,8.46,0.09951485221825519,漲
595,2615 萬海,2021-06-21,206.2805,225.28,204.9234,225.28,111866,27323537,50497,2218297,21.3,9.3,0.0993376061494198,漲
596,2615 萬海,2021-06-22,241.5653,246.9937,227.0895,227.0895,192565,50921219,105453,2218297,21.47,9.38,0.008032226562499937,漲
597,2615 萬海,2021-06-23,222.5658,237.0416,204.471,204.471,270589,65964784,145340,2218297,19.33,8.44,-0.09960169888964476,跌
598,2615 萬海,2021-06-24,205.8281,224.8276,201.7568,224.8276,132739,31830266,63946,2218297,21.26,9.28,0.09955739444713424,漲
599,2615 萬海,2021-06-25,239.7558,246.9937,230.7084,246.9937,194547,51941053,105436,2218297,23.35,10.2,0.09859154303119369,漲
600,2615 萬海,2021-06-28,259.6601,271.4217,258.7554,271.4217,104821,30869594,53605,2218297,25.66,11.21,0.09890130800907067,漲
601,2615 萬海,2021-06-29,284.5404,292.2307,262.3743,264.1838,280229,86362284,166990,2218297,24.98,10.91,-0.02666662245502098,跌
602,2615 萬海,2021-06-30,267.8027,290.4212,267.8027,290.4212,168328,52112226,92782,2218297,27.46,11.99,0.09931494663942292,漲
603,2615 萬海,2021-07-01,303.5399,319.3729,287.2546,303.9923,299468,101894581,172602,2218297,28.74,12.55,0.046729026668852,漲
604,2615 萬海,2021-07-02,311.6826,314.8492,280.9215,295.3973,154739,51511247,102049,2218297,27.93,12.2,-0.02827374245992424,跌
605,2615 萬海,2021-07-05,303.9923,304.897,268.7075,273.2312,144603,45130814,99033,2218297,25.83,11.28,-0.07503826202879976,跌
606,2615 萬海,2021-07-06,275.0407,293.1354,265.9933,267.8027,135601,41815632,97658,2218297,25.32,11.06,-0.019867789622854144,跌
607,2615 萬海,2021-07-07,267.8027,280.0167,241.1129,250.1603,162241,46840570,120639,2218297,23.65,10.33,-0.06587834999423085,跌
608,2615 萬海,2021-07-08,254.684,275.0407,233.4227,275.0407,220981,62915744,131952,2218297,26.01,11.36,0.09945782764091668,漲
609,2615 萬海,2021-07-09,262.3743,277.3025,247.8985,248.8032,195095,56657700,128517,2218297,23.52,10.27,-0.09539497245316787,跌
610,2615 萬海,2021-07-12,266.4456,273.6835,248.8032,259.6601,147602,42855366,92399,2218297,24.55,10.72,0.04363649663669919,漲
611,2615 萬海,2021-07-13,270.517,272.7788,233.875,233.875,145089,40386560,97416,2218297,22.11,9.66,-0.09930328148221464,跌
612,2615 萬海,2021-07-14,236.5892,244.2795,213.066,229.3513,204047,51499903,126291,2218297,21.69,9.47,-0.019342383752004238,跌
613,2615 萬海,2021-07-15,239.3035,251.9698,232.5179,251.9698,140575,37800729,84010,2218297,23.82,10.4,0.0986194540863731,漲
614,2615 萬海,2021-07-16,260.5648,275.0407,253.3269,258.7554,217936,63552434,135998,2218297,24.47,10.68,0.02693021147772478,漲
615,2615 萬海,2021-07-19,265.0885,269.6122,255.1364,258.7554,128978,37537522,75110,2218297,24.47,10.68,0.0,跌
616,2615 萬海,2021-07-20,259.2077,259.2077,233.4227,235.6845,135313,36620621,87645,2218297,22.28,9.73,-0.08916103779863142,跌
617,2615 萬海,2021-07-21,244.7319,250.6127,212.1613,215.7803,178796,45253838,110038,2218297,20.4,8.91,-0.08445273236042253,跌
618,2615 萬海,2021-07-22,223.4705,223.4705,195.4236,217.1374,201956,46248088,120677,2218297,20.53,8.97,0.006289267370561643,漲
619,2615 萬海,2021-07-23,224.3753,230.7084,212.1613,217.1374,149676,36575608,90540,2218297,20.53,8.97,0.0,跌
620,2615 萬海,2021-07-26,216.2326,216.685,195.4236,195.876,99324,22685264,59705,2218297,18.52,8.09,-0.09791680290912577,跌
621,2615 萬海,2021-07-27,187.281,195.4236,179.1383,185.4715,151627,31222658,88585,2218297,17.54,7.66,-0.05311778880516251,跌
622,2615 萬海,2021-07-28,187.7333,204.0186,180.0431,204.0186,219304,45881129,125838,2218297,19.29,8.42,0.09999973041680259,漲
623,2615 萬海,2021-07-29,212.6137,224.3753,205.3758,224.3753,190664,45620951,109022,2218297,21.21,9.26,0.09977864763310805,漲
624,2615 萬海,2021-07-30,226.1847,232.5179,202.2092,202.2092,206378,50321803,125355,2218297,19.12,8.35,-0.09879028574000792,跌
625,2615 萬海,2021-08-02,202.2092,218.4945,190.4476,209.8994,183600,41247810,108304,2218297,19.85,8.67,0.03803091056193291,漲
626,2615 萬海,2021-08-03,208.09,217.1374,204.0186,207.1852,128748,29964574,72591,2218297,19.59,8.55,-0.012930956448660668,跌
627,2615 萬海,2021-08-04,208.9947,215.3279,208.09,210.8042,77725,18132727,42931,2218297,19.93,8.7,0.017467463892208514,漲
628,2615 萬海,2021-08-05,212.1613,213.066,195.876,199.9473,84177,18994540,50485,2218297,18.91,8.26,-0.051502294546313575,跌
629,2615 萬海,2021-08-06,199.9473,219.3992,197.2331,208.9947,132080,30804724,77792,2218297,19.76,8.63,0.04524892309123445,漲
630,2615 萬海,2021-08-09,210.8042,217.1374,206.2805,207.1852,98870,23179477,57021,2218297,19.59,8.55,-0.008658114296678268,跌
631,2615 萬海,2021-08-10,214.4231,216.685,198.1378,203.5663,129817,29932872,72497,2218297,19.25,8.4,-0.017466981232250163,跌
632,2615 萬海,2021-08-11,205.3758,206.2805,185.4715,196.3284,135933,29634452,77789,2218297,18.56,8.11,-0.03555549224012041,跌
633,2615 萬海,2021-08-12,199.9473,208.09,193.6141,208.09,103072,22744755,59461,2218297,19.67,8.59,0.05990778715662134,漲
634,2615 萬海,2021-08-13,206.2805,209.8994,194.5189,194.5189,118955,26897819,68877,2218297,11.03,6.33,-0.06521745398625595,跌
635,2615 萬海,2021-08-16,196.3284,197.6855,186.3762,194.5189,108555,23192730,56994,2218297,11.03,6.33,0.0,跌
636,2615 萬海,2021-08-17,197.2331,198.1378,185.9239,185.9239,70049,14929579,39081,2218297,10.54,6.05,-0.04418593771607797,跌
637,2615 萬海,2021-08-18,185.4715,204.471,181.8525,204.471,106866,22898487,60708,2218297,11.59,6.66,0.09975640571222957,漲
638,2615 萬海,2021-08-19,206.2805,211.7089,190.4476,192.7094,172898,38571219,93883,2218297,10.92,6.28,-0.05752209359762517,跌
639,2615 萬海,2021-08-20,198.1378,204.0186,192.7094,204.0186,104732,22888687,56779,2218297,11.56,6.64,0.05868525354756958,漲
640,2615 萬海,2021-08-23,211.2566,224.3753,209.8994,224.3753,130231,31844893,60073,2218297,12.72,7.31,0.09977864763310805,漲
641,2615 萬海,2021-08-24,228.899,234.3274,218.0421,220.7563,161276,40209649,90999,2218297,12.51,7.19,-0.016129226345324106,跌
642,2615 萬海,2021-08-25,223.4705,241.5653,218.9468,237.0416,127969,32397975,73055,2218297,13.44,7.72,0.07377048809026052,漲
643,2615 萬海,2021-08-26,235.6845,237.494,225.7324,233.4227,131111,33638227,77912,2218297,13.23,7.6,-0.015266940486395623,跌
644,2615 萬海,2021-08-27,230.7084,239.7558,223.0182,227.9942,124970,32038198,75885,2218297,12.92,7.42,-0.02325609291641295,跌
645,2615 萬海,2021-08-30,232.0656,233.875,225.28,225.28,58189,14802407,34368,2218297,12.77,7.34,-0.01190468880348713,跌
646,2615 萬海,2021-08-31,227.0895,229.8037,218.0421,224.3753,70801,17548004,41150,2218297,12.72,7.31,-0.004015891335227234,跌
647,2615 萬海,2021-09-01,224.8276,226.6371,209.8994,212.6137,91065,21855601,57431,2218297,12.05,6.92,-0.05241931709952038,跌
648,2615 萬海,2021-09-02,212.6137,221.6611,209.8994,213.066,55613,13312403,33508,2218297,12.08,6.94,0.0021273323402960778,漲
649,2615 萬海,2021-09-03,216.2326,218.0421,199.0426,200.8521,43083,9915436,29308,2218297,11.38,6.54,-0.057324491002787845,跌
650,2615 萬海,2021-09-06,200.8521,204.0186,190.8999,190.8999,39768,8657431,25853,2218297,10.82,6.22,-0.04954989268222739,跌
651,2615 萬海,2021-09-07,201.5,209.5,200,209.5,75830,15693553,31581,2440127,10.74,6.17,0.0974337859789345,漲
652,2615 萬海,2021-09-08,209,218.5,208,213.0,75118,15983572,42818,2440127,10.92,6.28,0.016706443914081145,漲
653,2615 萬海,2021-09-09,213,216,204.5,207.5,76968,16026688,42977,2440127,10.64,6.11,-0.025821596244131457,跌
654,2615 萬海,2021-09-10,209.5,216,205,211.5,76506,16114803,41588,2440127,10.85,6.23,0.01927710843373494,漲
655,2615 萬海,2021-09-13,214.5,217,210,210.0,57903,12355457,30882,2440127,10.77,6.19,-0.0070921985815602835,跌
656,2615 萬海,2021-09-14,215,215,200.5,201.5,57101,11822089,33908,2440127,10.33,5.94,-0.04047619047619048,跌
657,2615 萬海,2021-09-15,203,207,196,205.0,76965,15527499,41727,2440127,10.51,6.04,0.017369727047146403,漲
658,2615 萬海,2021-09-16,205,205,200,200.5,28503,5781647,15990,2440127,10.28,5.91,-0.02195121951219512,跌
659,2615 萬海,2021-09-17,200,211,200,210.0,60982,12656112,33024,2440127,10.77,6.19,0.04738154613466334,漲
660,2615 萬海,2021-09-22,203,208,202,203.0,41161,8405060,24125,2440127,10.41,5.98,-0.03333333333333333,跌
661,2615 萬海,2021-09-23,210,211,207,207.5,33190,6932738,16735,2440127,10.64,6.11,0.022167487684729065,漲
662,2615 萬海,2021-09-24,210,217.5,209,215.0,48482,10368086,26952,2440127,11.03,6.33,0.03614457831325301,漲
663,2615 萬海,2021-09-27,218.5,221,208,208.0,50977,10895713,27947,2440127,10.67,6.13,-0.03255813953488372,跌
664,2615 萬海,2021-09-28,202,205,201,203.5,35672,7221431,20552,2440127,10.44,6,-0.021634615384615384,跌
665,2615 萬海,2021-09-29,199.5,205,199,200.5,38214,7703956,21198,2440127,10.28,5.91,-0.014742014742014743,跌
666,2615 萬海,2021-09-30,203,206,200.5,203.5,24908,5056998,12688,2440127,10.44,6,0.014962593516209476,漲
667,2615 萬海,2021-10-01,200.5,201,183.5,183.5,68823,13118419,42701,2440127,9.41,5.41,-0.09828009828009827,跌
668,2615 萬海,2021-10-04,187.5,187.5,165.5,165.5,84141,14515305,47092,2440127,8.49,4.88,-0.09809264305177112,跌
669,2615 萬海,2021-10-05,158,176,155,173.0,132586,21999161,68837,2440127,8.87,5.1,0.045317220543806644,漲
670,2615 萬海,2021-10-06,174,174,160.5,161.5,78806,13088000,50815,2440127,8.28,4.76,-0.06647398843930635,跌
671,2615 萬海,2021-10-07,165,177.5,164,171.5,81802,14018199,41450,2440127,8.79,5.05,0.06191950464396285,漲
672,2615 萬海,2021-10-08,171.5,171.5,164,169.5,71006,11899383,37380,2440127,8.69,4.99,-0.011661807580174927,跌
673,2615 萬海,2021-10-12,163.5,165.5,153,153.5,68352,10775604,33511,2440127,7.87,4.52,-0.0943952802359882,跌
674,2615 萬海,2021-10-13,160,163,155,155.0,69630,11013874,34711,2440127,7.95,4.57,0.009771986970684038,漲
675,2615 萬海,2021-10-14,159,170,151.5,164.5,112929,18207969,55206,2440127,8.44,4.85,0.06129032258064516,漲
676,2615 萬海,2021-10-15,164.5,165.5,159,161.0,71869,11641204,42658,2440127,8.26,4.74,-0.02127659574468085,跌
677,2615 萬海,2021-10-18,157.5,161,146.5,160.0,90903,13957216,44825,2440127,8.21,4.71,-0.006211180124223602,跌
678,2615 萬海,2021-10-19,158,165.5,157,158.0,69972,11258294,35185,2440127,8.1,4.66,-0.0125,跌
679,2615 萬海,2021-10-20,159.5,164.5,159,159.5,45834,7398231,23342,2440127,8.18,4.7,0.00949367088607595,漲
680,2615 萬海,2021-10-21,161.5,167,159,159.0,53298,8656909,26291,2440127,8.15,4.68,-0.003134796238244514,跌
681,2615 萬海,2021-10-22,160,161,152,152.5,49126,7611357,28131,2440127,7.82,4.49,-0.040880503144654086,跌
682,2615 萬海,2021-10-25,150,162,149,157.5,69985,10942635,39947,2440127,8.08,4.64,0.03278688524590164,漲
683,2615 萬海,2021-10-26,159,161,155.5,157.0,35803,5653657,20794,2440127,8.05,4.63,-0.0031746031746031746,跌
684,2615 萬海,2021-10-27,155,156.5,152.5,153.0,28866,4448952,15563,2440127,7.85,4.51,-0.025477707006369428,跌
685,2615 萬海,2021-10-28,155,160.5,153,153.5,36464,5710873,19811,2440127,7.87,4.52,0.0032679738562091504,漲
686,2615 萬海,2021-10-29,156.5,163,155,160.0,50007,7970882,28373,2440127,8.21,4.71,0.04234527687296417,漲
687,2615 萬海,2021-11-01,162.5,166.5,157,158.5,38488,6221177,32549,2440127,8.13,4.67,-0.009375,跌
688,2615 萬海,2021-11-02,162,165,159,161.0,39562,6416231,20924,2440127,8.26,4.74,0.015772870662460567,漲
689,2615 萬海,2021-11-03,163.5,177,162.5,171.5,99591,17140765,56051,2440127,8.79,5.05,0.06521739130434782,漲
690,2615 萬海,2021-11-04,178,183,172.5,174.5,84727,15051513,53561,2440127,8.95,5.14,0.01749271137026239,漲
691,2615 萬海,2021-11-05,174.5,178,170.5,178.0,48907,8557246,26839,2440127,9.13,5.24,0.02005730659025788,漲
692,2615 萬海,2021-11-08,183,193,177,190.0,79147,14600273,45477,2440127,9.74,5.6,0.06741573033707865,漲
693,2615 萬海,2021-11-09,187,191.5,182.5,183.5,69416,12961770,48003,2440127,9.41,5.41,-0.034210526315789476,跌
694,2615 萬海,2021-11-10,183.5,187.5,176,177.0,51928,9506985,29886,2440127,9.08,5.22,-0.035422343324250684,跌
695,2615 萬海,2021-11-11,173,177.5,159.5,159.5,71409,12094878,43200,2440127,8.18,4.7,-0.09887005649717515,跌
696,2615 萬海,2021-11-12,160.5,163,157,159.0,53761,8598529,29264,2440127,5.04,3.5,-0.003134796238244514,跌
697,2615 萬海,2021-11-15,164,164,157,157.0,25383,4046616,14273,2440127,4.97,3.46,-0.012578616352201259,跌
698,2615 萬海,2021-11-16,157.5,162.5,156.5,161.0,24152,3864679,13955,2440127,5.1,3.55,0.025477707006369428,漲
699,2615 萬海,2021-11-17,161,161.5,155,158.5,22664,3583528,14997,2440127,5.02,3.49,-0.015527950310559006,跌
700,2615 萬海,2021-11-18,159,162.5,157,160.5,17682,2839254,9950,2440127,5.09,3.54,0.012618296529968454,漲
701,2615 萬海,2021-11-19,160.5,162,155,156.0,25024,3956052,16774,2440127,4.94,3.44,-0.028037383177570093,跌
702,2615 萬海,2021-11-22,157,159.5,153.5,154.5,27895,4367601,16390,2440127,4.9,3.41,-0.009615384615384616,跌
703,2615 萬海,2021-11-23,156.5,158.5,153.5,154.0,18309,2854922,10837,2440127,4.88,3.39,-0.003236245954692557,跌
704,2615 萬海,2021-11-24,155.5,156.5,152.5,154.0,17021,2624469,9846,2440127,4.88,3.39,0.0,跌
705,2615 萬海,2021-11-25,155,159,153.5,157.5,22951,3601662,12549,2440127,4.99,3.47,0.022727272727272728,漲
706,2615 萬海,2021-11-26,157,160.5,152,152.0,29769,4634281,17389,2440127,4.82,3.35,-0.03492063492063492,跌
707,2615 萬海,2021-11-29,150.5,157,150.5,153.0,24372,3732969,13851,2440127,4.85,3.37,0.006578947368421052,漲
708,2615 萬海,2021-11-30,156,157.5,154.5,156.5,19823,3094151,10852,2440127,4.96,3.45,0.02287581699346405,漲
709,2615 萬海,2021-12-01,156.5,157.5,153.5,154.5,15632,2424278,10165,2440127,4.9,3.41,-0.012779552715654952,跌
710,2615 萬海,2021-12-02,155,169.5,155,169.5,75576,12497907,34769,2440127,5.37,3.74,0.0970873786407767,漲
711,2615 萬海,2021-12-03,171.5,172.5,163,164.5,71805,12136541,52365,2440127,5.21,3.63,-0.029498525073746312,跌
712,2615 萬海,2021-12-06,168,179,167,176.5,72990,12705365,41471,2440127,5.59,3.89,0.0729483282674772,漲
713,2615 萬海,2021-12-07,178.5,193,175,191.0,116440,21544924,68884,2440127,6.05,4.21,0.0821529745042493,漲
714,2615 萬海,2021-12-08,197,203,192,197.0,105359,20873864,76574,2440127,6.24,4.34,0.031413612565445025,漲
715,2615 萬海,2021-12-09,202,208,196,208.0,68974,13889535,42946,2440127,6.59,4.58,0.05583756345177665,漲
716,2615 萬海,2021-12-10,204,211.5,200.5,210.5,96813,20056024,59681,2440127,6.67,4.64,0.01201923076923077,漲
717,2615 萬海,2021-12-13,209,210.5,201.5,201.5,63017,13035169,47039,2440127,6.38,4.44,-0.04275534441805225,跌
718,2615 萬海,2021-12-14,204.5,206,187,189.5,78945,15478395,49299,2440127,6,4.18,-0.05955334987593052,跌
719,2615 萬海,2021-12-15,192,200,190,199.0,63384,12411138,44489,2440127,6.31,4.39,0.05013192612137203,漲
720,2615 萬海,2021-12-16,202,203.5,196,196.5,48313,9637885,31913,2440127,6.23,4.33,-0.01256281407035176,跌
721,2615 萬海,2021-12-17,198.5,204.5,198,200.0,53006,10695021,29442,2440127,6.34,4.41,0.017811704834605598,漲
722,2615 萬海,2021-12-20,201,203.5,194,199.0,47035,9343846,32953,2440127,6.31,4.39,-0.005,跌
723,2615 萬海,2021-12-21,200.5,207.5,197,207.0,46517,9403984,25188,2440127,6.56,4.56,0.04020100502512563,漲
724,2615 萬海,2021-12-22,205.5,207,201,204.0,35453,7233069,22113,2440127,6.46,4.5,-0.014492753623188406,跌
725,2615 萬海,2021-12-23,205,207,200,200.0,25108,5107201,15236,2440127,6.34,4.41,-0.0196078431372549,跌
726,2615 萬海,2021-12-24,202.5,204.5,198.5,199.0,25162,5057959,15361,2440127,6.31,4.39,-0.005,跌
727,2615 萬海,2021-12-27,200.5,201,197.5,199.0,16031,3194324,8716,2440127,6.31,4.39,0.0,跌
728,2615 萬海,2021-12-28,200,206,199,200.5,36358,7381231,19531,2440127,6.35,4.42,0.007537688442211055,漲
729,2615 萬海,2021-12-29,201,204,200,201.0,19890,4008664,13092,2440127,6.37,4.43,0.0024937655860349127,漲
730,2615 萬海,2021-12-30,202,203,197.5,198.5,21702,4325779,10639,2440127,6.29,4.38,-0.012437810945273632,跌
