,證券代碼,年月日,開盤價(元),最高價(元),最低價(元),收盤價(元),成交量(千股),成交值(千元),成交筆數(筆),流通在外股數(千股),本益比-TSE,股價淨值比-TSE,五日漲跌幅(%),label
0,2609 陽明,2019-01-02,8.81,9.0,8.77,8.81,1541,13649,454,2323024,0,1.03,,False
1,2609 陽明,2019-01-03,8.8,8.86,8.7,8.8,1397,12305,531,2323024,0,1.03,,False
2,2609 陽明,2019-01-04,8.76,8.76,8.53,8.6,2274,19546,817,2323024,0,1,,False
3,2609 陽明,2019-01-07,8.68,8.74,8.65,8.7,1045,9085,417,2323024,0,1.01,,False
4,2609 陽明,2019-01-08,8.73,8.81,8.73,8.8,1298,11405,577,2323024,0,1.03,-0.0011350737797956624,False
5,2609 陽明,2019-01-09,8.88,8.89,8.82,8.87,1529,13564,595,2323024,0,1.03,0.007954545454545284,False
6,2609 陽明,2019-01-10,8.87,8.89,8.82,8.86,1228,10880,431,2323024,0,1.03,0.03023255813953486,漲
7,2609 陽明,2019-01-11,8.82,8.93,8.82,8.87,1654,14704,631,2323024,0,1.03,0.019540229885057464,False
8,2609 陽明,2019-01-14,8.88,8.88,8.67,8.68,1476,12924,558,2323024,0,1.01,-0.013636363636363748,False
9,2609 陽明,2019-01-15,8.63,8.75,8.63,8.75,1388,12116,360,2323024,0,1.02,-0.013528748590755268,False
10,2609 陽明,2019-01-16,8.74,8.8,8.72,8.75,1301,11401,610,2323024,0,1.02,-0.01241534988713312,False
11,2609 陽明,2019-01-17,8.8,8.8,8.73,8.75,799,6999,430,2323024,0,1.02,-0.013528748590755268,False
12,2609 陽明,2019-01-18,8.76,8.84,8.76,8.81,1088,9592,638,2323024,0,1.03,0.014976958525345713,False
13,2609 陽明,2019-01-21,8.85,8.92,8.82,8.88,1628,14444,568,2323024,0,1.03,0.014857142857142947,False
14,2609 陽明,2019-01-22,8.86,8.9,8.85,8.89,894,7928,433,2323024,0,1.04,0.016000000000000066,False
15,2609 陽明,2019-01-23,8.88,8.89,8.83,8.89,854,7568,362,2323024,0,1.04,0.016000000000000066,False
16,2609 陽明,2019-01-24,8.9,8.95,8.9,8.95,1244,11114,522,2323024,0,1.04,0.015891032917139475,False
17,2609 陽明,2019-01-25,8.95,8.97,8.91,8.96,1230,11013,450,2323024,0,1.04,0.009009009009009016,False
18,2609 陽明,2019-01-28,8.97,9.03,8.95,8.99,1341,12061,465,2323024,0,1.05,0.01124859392575924,False
19,2609 陽明,2019-01-29,8.98,8.98,8.9,8.98,1185,10602,389,2323024,0,1.05,0.010123734533183335,False
20,2609 陽明,2019-01-30,8.98,8.98,8.9,8.94,1528,13652,313,2323024,0,1.04,-0.0011173184357541662,False
21,2609 陽明,2019-02-11,8.93,9.02,8.7,8.81,1509,13395,600,2323024,0,1.03,-0.016741071428571466,False
22,2609 陽明,2019-02-12,8.81,8.86,8.78,8.86,815,7185,381,2323024,0,1.03,-0.014460511679644135,False
23,2609 陽明,2019-02-13,8.86,8.89,8.81,8.83,870,7697,304,2323024,0,1.03,-0.016703786191536788,False
24,2609 陽明,2019-02-14,8.85,8.85,8.8,8.82,976,8610,322,2323024,0,1.03,-0.013422818791946222,False
25,2609 陽明,2019-02-15,8.85,8.86,8.81,8.82,1018,8996,297,2323024,0,1.03,0.0011350737797956624,False
26,2609 陽明,2019-02-18,8.82,8.88,8.82,8.86,1319,11675,354,2323024,0,1.03,0.0,False
27,2609 陽明,2019-02-19,8.86,8.9,8.83,8.86,841,7459,367,2323024,0,1.03,0.003397508493771162,False
28,2609 陽明,2019-02-20,8.86,8.87,8.82,8.85,878,7771,410,2323024,0,1.03,0.0034013605442176145,False
29,2609 陽明,2019-02-21,8.85,8.96,8.85,8.95,1983,17659,670,2323024,0,1.04,0.014739229024943198,False
30,2609 陽明,2019-02-22,8.95,9.03,8.91,8.95,5003,44880,832,2323024,0,1.04,0.010158013544018043,False
31,2609 陽明,2019-02-25,9.0,9.12,8.95,9.12,4410,40014,980,2323024,0,1.06,0.02934537246049659,False
32,2609 陽明,2019-02-26,9.12,9.26,9.12,9.19,3780,34761,949,2323024,0,1.07,0.038418079096045187,漲
33,2609 陽明,2019-02-27,9.21,9.25,9.17,9.23,3951,36403,1032,2323024,0,1.08,0.031284916201117445,漲
34,2609 陽明,2019-03-04,9.23,9.29,9.2,9.24,2086,19265,685,2323024,0,1.08,0.03240223463687161,漲
35,2609 陽明,2019-03-05,9.2,9.23,9.15,9.15,2058,18890,522,2323024,0,1.07,0.0032894736842106515,False
36,2609 陽明,2019-03-06,9.13,9.16,9.06,9.1,1268,11540,422,2323024,0,1.06,-0.009793253536452651,False
37,2609 陽明,2019-03-07,8.96,9.09,8.96,8.99,1117,10063,466,2323024,0,1.05,-0.02600216684723729,False
38,2609 陽明,2019-03-08,8.99,8.99,8.95,8.96,756,6784,320,2323024,0,1.04,-0.030303030303030234,跌
39,2609 陽明,2019-03-11,8.96,8.98,8.91,8.97,824,7370,370,2323024,0,1.05,-0.01967213114754095,False
40,2609 陽明,2019-03-12,8.97,9.02,8.96,8.98,2084,18729,450,2323024,0,1.05,-0.013186813186813102,False
41,2609 陽明,2019-03-13,8.98,8.99,8.9,8.92,873,7793,331,2323024,0,1.04,-0.007786429365962212,False
42,2609 陽明,2019-03-14,8.92,8.95,8.87,8.87,1613,14355,454,2323024,0,1.03,-0.010044642857143038,False
43,2609 陽明,2019-03-15,8.86,8.91,8.8,8.8,2129,18867,707,2323024,0,1.03,-0.01895206243032329,False
44,2609 陽明,2019-03-18,8.81,8.83,8.77,8.82,1910,16801,507,2323024,0,1.03,-0.017817371937639215,False
45,2609 陽明,2019-03-19,8.82,8.89,8.81,8.82,1573,13897,565,2323024,0,1.03,-0.011210762331838525,False
46,2609 陽明,2019-03-20,8.82,8.86,8.77,8.83,1966,17322,522,2323024,0,1.03,-0.004509582863585023,False
47,2609 陽明,2019-03-21,8.8,8.83,8.8,8.83,1313,11581,372,2323024,0,1.03,0.003409090909090836,False
48,2609 陽明,2019-03-22,8.9,8.9,8.83,8.84,1526,13511,359,2323024,0,1.03,0.002267573696145076,False
49,2609 陽明,2019-03-25,8.8,8.8,8.65,8.66,2097,18266,654,2323024,0,1.01,-0.018140589569161012,False
50,2609 陽明,2019-03-26,8.66,8.7,8.63,8.63,1866,16158,518,2323024,0,1.01,-0.022650056625141482,False
51,2609 陽明,2019-03-27,8.6,8.63,8.56,8.58,1600,13741,611,2323024,0,1,-0.028312570781426953,False
52,2609 陽明,2019-03-28,8.58,8.61,8.54,8.61,1169,10026,441,2323024,0,1.01,-0.026018099547511362,False
53,2609 陽明,2019-03-29,8.6,8.69,8.59,8.65,1861,16075,468,2323024,0,1.01,-0.0011547344110854256,False
54,2609 陽明,2019-04-01,8.65,8.68,8.6,8.6,1494,12927,419,2323024,0,1.01,-0.003476245654693063,False
55,2609 陽明,2019-04-02,8.61,8.63,8.57,8.61,1966,16924,384,2323024,0,1.01,0.003496503496503422,False
56,2609 陽明,2019-04-03,8.61,8.65,8.6,8.64,2500,21536,302,2323024,0,1.01,0.0034843205574914215,False
57,2609 陽明,2019-04-08,8.67,8.76,8.64,8.7,1577,13718,603,2323024,0,1.02,0.005780346820809125,False
58,2609 陽明,2019-04-09,8.7,8.7,8.67,8.68,1660,14411,328,2323024,0,1.02,0.009302325581395357,False
59,2609 陽明,2019-04-10,8.68,8.72,8.67,8.68,1119,9713,257,2323024,0,1.02,0.008130081300813042,False
60,2609 陽明,2019-04-11,8.69,8.85,8.69,8.75,1842,16175,548,2323024,0,1.02,0.012731481481481415,False
61,2609 陽明,2019-04-12,8.76,8.77,8.71,8.73,1813,15846,414,2323024,0,1.02,0.0034482758620690964,False
62,2609 陽明,2019-04-15,8.74,8.91,8.73,8.83,3043,26904,858,2323024,0,1.03,0.017281105990783453,False
63,2609 陽明,2019-04-16,8.8,8.85,8.8,8.82,1728,15249,431,2323024,0,1.03,0.01612903225806458,False
64,2609 陽明,2019-04-17,8.82,8.93,8.79,8.9,3279,28961,1014,2323024,0,1.04,0.017142857142857182,False
65,2609 陽明,2019-04-18,8.9,8.91,8.81,8.81,2083,18455,595,2323024,0,1.03,0.009163802978235975,False
66,2609 陽明,2019-04-19,8.81,8.91,8.81,8.89,2107,18705,557,2323024,0,1.04,0.006795016987542525,False
67,2609 陽明,2019-04-22,8.95,9.09,8.92,8.93,3564,32069,1106,2323024,0,1.05,0.01247165532879812,False
68,2609 陽明,2019-04-23,8.95,8.95,8.81,8.9,1003,8895,456,2323024,0,1.04,0.0,False
69,2609 陽明,2019-04-24,8.9,8.91,8.81,8.81,1257,11124,458,2323024,0,1.03,0.0,False
70,2609 陽明,2019-04-25,8.81,8.87,8.8,8.84,1341,11855,355,2323024,0,1.04,-0.0056242969628797195,False
71,2609 陽明,2019-04-26,8.84,8.84,8.78,8.79,859,7564,271,2323024,0,1.03,-0.015677491601343848,False
72,2609 陽明,2019-04-29,8.79,8.81,8.71,8.73,1251,10955,362,2323024,0,1.02,-0.019101123595505608,False
73,2609 陽明,2019-04-30,8.73,8.86,8.73,8.77,1150,10116,371,2323024,0,1.03,-0.004540295119182852,False
74,2609 陽明,2019-05-02,8.82,8.92,8.82,8.87,1183,10500,406,2323024,0,1.04,0.0033936651583709684,False
75,2609 陽明,2019-05-03,8.95,8.99,8.9,8.9,1583,14155,640,2323024,0,1.04,0.012514220705347124,False
76,2609 陽明,2019-05-06,8.84,8.84,8.72,8.74,1650,14462,582,2323024,0,1.02,0.0011454753722794715,False
77,2609 陽明,2019-05-07,8.77,8.78,8.69,8.7,2293,20015,433,2323024,0,1.02,-0.007981755986317023,False
78,2609 陽明,2019-05-08,8.65,8.65,8.61,8.64,1270,10957,504,2323024,0,1.01,-0.02593010146561428,False
79,2609 陽明,2019-05-09,8.65,8.67,8.52,8.52,1383,11859,456,2323024,0,1,-0.04269662921348323,跌
80,2609 陽明,2019-05-10,8.52,8.6,8.48,8.48,1107,9425,386,2323024,0,0.99,-0.029748283752860386,False
81,2609 陽明,2019-05-13,8.5,8.57,8.37,8.4,1182,9963,458,2323024,0,0.98,-0.03448275862068954,跌
82,2609 陽明,2019-05-14,8.4,8.4,8.25,8.3,1289,10704,465,2323024,0,0.97,-0.03935185185185183,跌
83,2609 陽明,2019-05-15,8.33,8.38,8.26,8.3,1527,12697,462,2323024,0,1,-0.02582159624413132,False
84,2609 陽明,2019-05-16,8.3,8.33,8.12,8.12,3293,27031,902,2323024,0,0.98,-0.04245283018867939,跌
85,2609 陽明,2019-05-17,8.19,8.24,7.9,7.96,5144,41469,1394,2323024,0,0.96,-0.052380952380952424,跌
86,2609 陽明,2019-05-20,7.99,8.0,7.93,7.97,1140,9090,379,2323024,0,0.96,-0.03975903614457842,跌
87,2609 陽明,2019-05-21,8.0,8.2,8.0,8.2,2515,20393,672,2323024,0,0.99,-0.012048192771084508,False
88,2609 陽明,2019-05-22,8.2,8.26,8.18,8.2,817,6714,307,2323024,0,0.99,0.009852216748768483,False
89,2609 陽明,2019-05-23,8.2,8.2,8.04,8.06,911,7374,350,2323024,0,0.97,0.012562814070351825,False
90,2609 陽明,2019-05-24,8.09,8.11,8.02,8.04,949,7656,276,2323024,0,0.97,0.008782936010037566,False
91,2609 陽明,2019-05-27,8.02,8.07,8.0,8.01,907,7276,333,2323024,0,0.97,-0.023170731707317014,False
92,2609 陽明,2019-05-28,8.01,8.06,7.99,8.06,955,7668,279,2323024,0,0.97,-0.017073170731707173,False
93,2609 陽明,2019-05-29,8.06,8.06,8.0,8.01,673,5403,211,2323024,0,0.97,-0.006203473945409517,False
94,2609 陽明,2019-05-30,8.01,8.02,7.98,8.01,1303,10425,345,2323024,0,0.97,-0.0037313432835820106,False
95,2609 陽明,2019-05-31,8.1,8.15,8.02,8.13,1356,10993,476,2323024,0,0.98,0.014981273408239825,False
96,2609 陽明,2019-06-03,8.1,8.1,7.99,8.03,877,7034,282,2323024,0,0.97,-0.0037220843672457985,False
97,2609 陽明,2019-06-04,8.03,8.06,7.99,8.0,710,5690,224,2323024,0,0.97,-0.001248439450686615,False
98,2609 陽明,2019-06-05,8.06,8.06,7.99,8.0,860,6892,267,2323024,0,0.97,-0.001248439450686615,False
99,2609 陽明,2019-06-06,8.0,8.0,7.96,7.97,1004,8011,351,2323024,0,0.96,-0.019680196801968145,False
100,2609 陽明,2019-06-10,7.98,8.0,7.96,7.97,776,6194,215,2323024,0,0.96,-0.0074719800747197525,False
101,2609 陽明,2019-06-11,7.98,8.04,7.97,8.0,1277,10202,285,2323024,0,0.97,0.0,False
102,2609 陽明,2019-06-12,8.0,8.03,7.96,7.99,815,6516,251,2323024,0,0.96,-0.0012499999999999734,False
103,2609 陽明,2019-06-13,8.0,8.04,7.98,7.98,866,6933,237,2323024,0,0.96,0.0012547051442911763,False
104,2609 陽明,2019-06-14,7.99,8.15,7.98,8.09,2767,22309,756,2323024,0,0.98,0.015056461731493113,False
105,2609 陽明,2019-06-17,8.1,8.12,8.04,8.08,1569,12703,500,2323024,0,0.97,0.010000000000000009,False
106,2609 陽明,2019-06-18,8.08,8.19,8.06,8.11,1815,14770,725,2323024,0,0.98,0.015018773466833444,False
107,2609 陽明,2019-06-19,8.12,8.23,8.12,8.17,1987,16251,867,2323024,0,0.99,0.023809523809523746,False
108,2609 陽明,2019-06-20,8.19,8.3,8.19,8.25,1582,13035,834,2323024,0,1,0.019777503090234877,False
109,2609 陽明,2019-06-21,8.3,8.3,8.15,8.15,1458,11979,453,2323024,0,0.98,0.008663366336633699,False
110,2609 陽明,2019-06-24,8.22,8.22,8.16,8.21,1204,9870,669,2323024,0,0.99,0.01233045622688057,False
111,2609 陽明,2019-06-25,8.19,8.19,8.13,8.15,437,3569,175,2323024,0,0.98,-0.0024479804161566185,False
112,2609 陽明,2019-06-26,8.14,8.15,8.09,8.15,704,5715,267,2323024,0,0.98,-0.012121212121212078,False
113,2609 陽明,2019-06-27,8.15,8.2,8.13,8.14,1588,12961,501,2323024,0,0.98,-0.0012269938650306487,False
114,2609 陽明,2019-06-28,8.12,8.17,8.08,8.16,1094,8906,291,2601335,0,0.98,-0.00609013398294771,False
115,2609 陽明,2019-07-01,8.21,8.29,8.16,8.16,2357,19341,824,2601335,0,0.98,0.0012269938650306487,False
116,2609 陽明,2019-07-02,8.2,8.25,8.17,8.2,2126,17466,795,2601335,0,0.99,0.006134969325153243,False
117,2609 陽明,2019-07-03,8.23,8.25,8.16,8.17,964,7903,450,2601335,0,0.99,0.0036855036855036067,False
118,2609 陽明,2019-07-04,8.22,8.54,8.21,8.54,7902,66612,1784,2601335,0,1.03,0.04656862745098027,漲
119,2609 陽明,2019-07-05,8.7,8.71,8.5,8.51,5705,49004,1578,2601335,0,1.03,0.04289215686274506,漲
120,2609 陽明,2019-07-08,8.53,8.55,8.36,8.45,2347,19804,704,2601335,0,1.02,0.030487804878048783,漲
121,2609 陽明,2019-07-09,8.45,8.45,8.36,8.4,844,7083,264,2601335,0,1.01,0.028151774785801765,False
122,2609 陽明,2019-07-10,8.41,8.45,8.39,8.45,1500,12613,687,2601335,0,1.02,-0.010538641686182654,False
123,2609 陽明,2019-07-11,8.7,8.77,8.6,8.72,4675,40626,2174,2601335,0,1.05,0.024676850763807386,False
124,2609 陽明,2019-07-12,8.72,8.75,8.65,8.7,2281,19861,717,2601335,0,1.05,0.02958579881656805,False
125,2609 陽明,2019-07-15,8.7,8.75,8.61,8.68,2002,17355,739,2601335,0,1.05,0.03333333333333326,漲
126,2609 陽明,2019-07-16,8.68,8.93,8.68,8.89,6454,57087,1746,2601335,0,1.07,0.05207100591715992,漲
127,2609 陽明,2019-07-17,8.87,9.03,8.77,9.0,6183,55174,1270,2601335,0,1.09,0.03211009174311919,漲
128,2609 陽明,2019-07-18,9.01,9.11,8.89,9.01,7826,70560,1388,2601335,0,1.09,0.03563218390804604,漲
129,2609 陽明,2019-07-19,9.01,9.12,9.01,9.09,9060,82267,1565,2601335,0,1.1,0.04723502304147467,漲
130,2609 陽明,2019-07-22,9.11,9.2,9.08,9.16,9586,87704,1810,2601335,0,1.1,0.030371203599550006,漲
131,2609 陽明,2019-07-23,9.18,9.22,8.97,8.98,5574,50537,1128,2601335,0,1.08,-0.002222222222222175,False
132,2609 陽明,2019-07-24,8.98,8.98,8.82,8.9,3689,32661,990,2601335,0,1.07,-0.012208657047724688,False
133,2609 陽明,2019-07-25,8.88,8.98,8.77,8.98,2989,26572,1067,2601335,0,1.08,-0.012101210121012038,False
134,2609 陽明,2019-07-26,8.95,8.96,8.84,8.94,2264,20161,596,2601335,0,1.08,-0.024017467248908367,False
135,2609 陽明,2019-07-29,8.94,8.95,8.85,8.88,1657,14704,365,2601335,0,1.07,-0.011135857461024459,False
136,2609 陽明,2019-07-30,8.85,8.95,8.75,8.86,2164,19121,545,2601335,0,1.07,-0.004494382022472014,False
137,2609 陽明,2019-07-31,8.81,8.82,8.73,8.73,2242,19654,898,2601335,0,1.05,-0.027839643652561245,False
138,2609 陽明,2019-08-01,8.67,8.7,8.6,8.69,1715,14828,511,2601335,0,1.05,-0.027964205816554812,False
139,2609 陽明,2019-08-02,8.57,8.6,8.45,8.48,2263,19258,946,2601335,0,1.02,-0.045045045045045085,跌
140,2609 陽明,2019-08-05,8.4,8.42,8.32,8.35,1885,15759,907,2601335,0,1.01,-0.05756207674943564,跌
141,2609 陽明,2019-08-06,8.21,8.37,8.12,8.37,1367,11254,528,2601335,0,1.01,-0.041237113402061994,跌
142,2609 陽明,2019-08-07,8.35,8.52,8.35,8.37,1249,10549,530,2601335,0,1.01,-0.03682393555811281,跌
143,2609 陽明,2019-08-08,8.35,8.47,8.35,8.45,812,6837,323,2601335,0,1.02,-0.003537735849056738,False
144,2609 陽明,2019-08-12,8.4,8.5,8.4,8.43,857,7247,229,2601335,0,1.02,0.009580838323353302,False
145,2609 陽明,2019-08-13,8.29,8.38,8.17,8.17,2957,24390,787,2601335,0,1.21,-0.023894862604539942,False
146,2609 陽明,2019-08-14,8.21,8.24,8.05,8.05,3734,30404,855,2601335,0,1.19,-0.03823178016726386,跌
147,2609 陽明,2019-08-15,8.0,8.0,7.81,7.9,3144,24845,942,2601335,0,1.17,-0.06508875739644958,跌
148,2609 陽明,2019-08-16,7.9,8.1,7.9,8.1,1465,11678,569,2601335,0,1.2,-0.03914590747330962,跌
149,2609 陽明,2019-08-19,8.1,8.1,7.96,8.04,1565,12564,565,2601335,0,1.19,-0.015911872705018457,False
150,2609 陽明,2019-08-20,8.06,8.06,7.95,7.97,2503,19998,580,2601335,0,1.18,-0.009937888198757882,False
151,2609 陽明,2019-08-21,7.93,8.05,7.9,8.0,2069,16468,769,2601335,0,1.18,0.01265822784810122,False
152,2609 陽明,2019-08-22,8.0,8.03,7.97,7.99,837,6685,278,2601335,0,1.18,-0.013580246913580177,False
153,2609 陽明,2019-08-23,7.96,8.04,7.96,7.98,842,6724,220,2601335,0,1.18,-0.007462686567164021,False
154,2609 陽明,2019-08-26,7.9,7.91,7.87,7.88,929,7334,273,2601335,0,1.16,-0.011292346298619808,False
155,2609 陽明,2019-08-27,7.9,7.97,7.86,7.86,980,7738,264,2601335,0,1.16,-0.01749999999999996,False
156,2609 陽明,2019-08-28,7.86,7.94,7.86,7.89,393,3102,158,2601335,0,1.17,-0.012515644555694684,False
157,2609 陽明,2019-08-29,7.88,7.97,7.88,7.92,785,6221,206,2601335,0,1.17,-0.007518796992481265,False
158,2609 陽明,2019-08-30,7.99,8.01,7.92,7.96,1222,9739,452,2601335,0,1.18,0.0101522842639594,False
159,2609 陽明,2019-09-02,7.96,8.04,7.96,8.03,809,6480,277,2601335,0,1.19,0.021628498727735247,False
160,2609 陽明,2019-09-03,8.05,8.08,8.02,8.04,682,5499,269,2601335,0,1.19,0.019011406844106397,False
161,2609 陽明,2019-09-04,8.04,8.07,7.97,8.05,1266,10142,488,2601335,0,1.19,0.016414141414141513,False
162,2609 陽明,2019-09-05,8.06,8.07,8.0,8.04,1049,8424,335,2601335,0,1.19,0.010050251256281305,False
163,2609 陽明,2019-09-06,8.05,8.06,8.0,8.03,1034,8296,244,2601335,0,1.19,0.0,False
164,2609 陽明,2019-09-09,8.02,8.03,8.0,8.01,781,6261,259,2601335,0,1.18,-0.0037313432835820106,False
165,2609 陽明,2019-09-10,8.02,8.06,8.0,8.01,881,7076,247,2601335,0,1.18,-0.004968944099378997,False
166,2609 陽明,2019-09-11,7.99,8.01,7.95,7.96,1262,10070,448,2601335,0,1.18,-0.009950248756218805,False
167,2609 陽明,2019-09-12,7.97,8.03,7.96,8.02,700,5594,287,2601335,0,1.18,-0.0012453300124532737,False
168,2609 陽明,2019-09-16,8.0,8.01,7.97,7.97,721,5767,297,2601335,0,1.18,-0.004993757802746571,False
169,2609 陽明,2019-09-17,7.97,7.97,7.88,7.88,3132,24850,639,2601335,0,1.16,-0.01622971285892633,False
170,2609 陽明,2019-09-18,7.9,8.05,7.89,8.0,1348,10763,651,2601335,0,1.18,0.005025125628140708,False
171,2609 陽明,2019-09-19,8.0,8.0,7.92,7.93,666,5292,246,2601335,0,1.17,-0.01122194513715709,False
172,2609 陽明,2019-09-20,7.92,7.95,7.9,7.9,1060,8388,355,2601335,0,1.17,-0.008782936010037566,False
173,2609 陽明,2019-09-23,7.91,7.97,7.89,7.94,911,7220,247,2601335,0,1.17,0.007614213197969607,False
174,2609 陽明,2019-09-24,7.95,7.96,7.9,7.9,1260,9971,313,2601335,0,1.17,-0.012499999999999956,False
175,2609 陽明,2019-09-25,7.87,7.91,7.87,7.87,1018,8024,332,2601335,0,1.16,-0.007566204287515714,False
176,2609 陽明,2019-09-26,7.87,7.93,7.85,7.88,1595,12561,447,2601335,0,1.16,-0.0025316455696203113,False
177,2609 陽明,2019-09-27,7.84,7.86,7.79,7.8,1916,14966,518,2601335,0,1.15,-0.017632241813602085,False
178,2609 陽明,2019-10-01,7.8,7.93,7.79,7.82,1238,9713,301,2601335,0,1.16,-0.010126582278481022,False
179,2609 陽明,2019-10-02,7.82,7.82,7.77,7.77,1043,8121,305,2601335,0,1.15,-0.012706480304955595,False
180,2609 陽明,2019-10-03,7.73,7.73,7.62,7.65,1537,11777,505,2601335,0,1.13,-0.02918781725888319,False
181,2609 陽明,2019-10-04,7.66,7.73,7.66,7.68,695,5348,276,2601335,0,1.13,-0.0153846153846154,False
182,2609 陽明,2019-10-07,7.68,7.7,7.65,7.65,631,4840,253,2601335,0,1.13,-0.021739130434782598,False
183,2609 陽明,2019-10-08,7.63,7.65,7.55,7.55,1707,12965,527,2601335,0,1.12,-0.028314028314028284,False
184,2609 陽明,2019-10-09,7.55,7.59,7.48,7.48,2224,16708,419,2601335,0,1.1,-0.022222222222222213,False
185,2609 陽明,2019-10-14,7.48,7.65,7.48,7.6,2679,20154,582,2601335,0,1.12,-0.010416666666666676,False
186,2609 陽明,2019-10-15,7.6,7.6,7.51,7.53,1234,9294,318,2601335,0,1.11,-0.015686274509803935,False
187,2609 陽明,2019-10-16,7.53,7.67,7.53,7.61,1152,8773,577,2601335,0,1.12,0.007947019867549735,False
188,2609 陽明,2019-10-17,7.6,7.7,7.6,7.63,1088,8342,387,2601335,0,1.13,0.020053475935828804,False
189,2609 陽明,2019-10-18,7.61,7.67,7.61,7.64,901,6894,256,2601335,0,1.13,0.005263157894736847,False
190,2609 陽明,2019-10-21,7.64,7.72,7.62,7.68,912,7004,344,2601335,0,1.13,0.019920318725099532,False
191,2609 陽明,2019-10-22,7.69,7.78,7.69,7.75,1461,11329,376,2601335,0,1.14,0.018396846254927685,False
192,2609 陽明,2019-10-23,7.76,7.83,7.72,7.72,1037,8053,339,2601335,0,1.14,0.011795543905635631,False
193,2609 陽明,2019-10-24,7.77,7.77,7.72,7.73,889,6895,247,2601335,0,1.14,0.011780104712041982,False
194,2609 陽明,2019-10-25,7.7,7.74,7.67,7.69,1088,8374,286,2601335,0,1.14,0.0013020833333334213,False
195,2609 陽明,2019-10-28,7.69,7.72,7.68,7.69,821,6321,195,2601335,0,1.14,-0.007741935483870917,False
196,2609 陽明,2019-10-29,7.69,7.7,7.63,7.64,1017,7793,295,2601335,0,1.13,-0.010362694300518144,False
197,2609 陽明,2019-10-30,7.65,7.68,7.57,7.6,797,6074,334,2601335,0,1.12,-0.016817593790427007,False
198,2609 陽明,2019-10-31,7.62,7.7,7.56,7.58,1225,9344,332,2601335,0,1.12,-0.014304291287386257,False
199,2609 陽明,2019-11-01,7.58,7.64,7.55,7.59,725,5511,205,2601335,0,1.12,-0.013003901170351174,False
200,2609 陽明,2019-11-04,7.62,7.64,7.58,7.59,761,5783,235,2601335,0,1.12,-0.0065445026178010245,False
201,2609 陽明,2019-11-05,7.56,7.59,7.56,7.58,760,5763,252,2601335,0,1.12,-0.002631578947368365,False
202,2609 陽明,2019-11-06,7.58,7.61,7.57,7.57,866,6575,280,2601335,0,1.12,-0.0013192612137202884,False
203,2609 陽明,2019-11-07,7.56,7.59,7.56,7.57,530,4015,205,2601335,0,1.12,-0.0026350461133069266,False
204,2609 陽明,2019-11-08,7.57,7.57,7.53,7.54,655,4945,279,2601335,0,1.11,-0.006587615283267434,False
205,2609 陽明,2019-11-11,7.54,7.54,7.5,7.51,1380,10362,367,2601335,0,1.11,-0.009234828496042255,False
206,2609 陽明,2019-11-12,7.5,7.52,7.45,7.48,1523,11406,436,2601335,0,1.1,-0.011889035667106982,False
207,2609 陽明,2019-11-13,7.48,7.48,7.45,7.45,745,5557,283,2601335,0,1.1,-0.01585204755614268,False
208,2609 陽明,2019-11-14,7.45,7.48,7.29,7.33,2330,17176,676,2601335,0,1.18,-0.02785145888594164,False
209,2609 陽明,2019-11-15,7.33,7.33,7.2,7.22,2588,18752,715,2601335,0,1.16,-0.03861517976031958,跌
210,2609 陽明,2019-11-18,7.21,7.21,6.95,7.07,5090,35773,1298,2601335,0,1.14,-0.05481283422459895,跌
211,2609 陽明,2019-11-19,7.07,7.07,7.01,7.02,1348,9475,366,2601335,0,1.13,-0.05771812080536921,跌
212,2609 陽明,2019-11-20,7.0,7.1,6.96,7.03,1615,11316,604,2601335,0,1.13,-0.04092769440654841,跌
213,2609 陽明,2019-11-21,7.05,7.05,6.99,7.02,713,5007,254,2601335,0,1.13,-0.027700831024930775,False
214,2609 陽明,2019-11-22,7.0,7.05,7.0,7.05,755,5312,253,2601335,0,1.14,-0.002828854314002894,False
215,2609 陽明,2019-11-25,7.05,7.08,7.04,7.06,782,5516,266,2601335,0,1.14,0.0056980056980057035,False
216,2609 陽明,2019-11-26,7.06,7.09,7.03,7.05,1367,9659,454,2601335,0,1.14,0.0028449502133712054,False
217,2609 陽明,2019-11-27,7.05,7.11,7.04,7.1,966,6829,342,2601335,0,1.15,0.011396011396011407,False
218,2609 陽明,2019-11-28,6.9,7.1,6.9,7.09,1616,11305,467,2601335,0,1.14,0.0056737588652482325,False
219,2609 陽明,2019-11-29,7.09,7.36,7.08,7.29,3474,25057,1227,2601335,0,1.18,0.03257790368271961,漲
220,2609 陽明,2019-12-02,7.3,7.56,7.3,7.52,3887,28937,1372,2601335,0,1.21,0.06666666666666664,漲
221,2609 陽明,2019-12-03,7.41,7.53,7.4,7.5,1573,11759,502,2601335,0,1.21,0.056338028169014134,漲
222,2609 陽明,2019-12-04,7.5,7.5,7.36,7.49,1196,8909,431,2601335,0,1.21,0.056417489421720785,漲
223,2609 陽明,2019-12-05,7.5,7.55,7.4,7.41,992,7381,449,2601335,0,1.2,0.016460905349794254,False
224,2609 陽明,2019-12-06,7.4,7.43,7.29,7.29,1595,11755,503,2601335,0,1.18,-0.030585106382978663,跌
225,2609 陽明,2019-12-09,7.3,7.38,7.24,7.27,1217,8858,356,2601335,0,1.17,-0.030666666666666724,跌
226,2609 陽明,2019-12-10,7.29,7.34,7.27,7.3,652,4764,299,2601335,0,1.18,-0.025367156208277754,False
227,2609 陽明,2019-12-11,7.3,7.34,7.26,7.28,649,4738,276,2601335,0,1.17,-0.017543859649122792,False
228,2609 陽明,2019-12-12,7.3,7.32,7.27,7.27,859,6268,359,2601335,0,1.17,-0.00274348422496577,False
229,2609 陽明,2019-12-13,7.31,7.33,7.24,7.26,1021,7440,368,2601335,0,1.17,-0.0013755158184318827,False
230,2609 陽明,2019-12-16,7.3,7.32,7.25,7.26,869,6318,324,2601335,0,1.17,-0.005479452054794526,False
231,2609 陽明,2019-12-17,7.26,7.32,7.26,7.31,799,5827,363,2601335,0,1.18,0.0041208791208790325,False
232,2609 陽明,2019-12-18,7.31,7.38,7.3,7.37,1234,9058,563,2601335,0,1.19,0.013755158184319194,False
233,2609 陽明,2019-12-19,7.36,7.37,7.31,7.31,854,6270,318,2601335,0,1.18,0.006887052341597772,False
234,2609 陽明,2019-12-20,7.31,7.38,7.23,7.23,2401,17439,472,2601335,0,1.17,-0.004132231404958589,False
235,2609 陽明,2019-12-23,7.27,7.27,7.24,7.24,969,7036,392,2601335,0,1.17,-0.009575923392612777,False
236,2609 陽明,2019-12-24,7.24,7.28,7.23,7.23,666,4832,216,2601335,0,1.17,-0.018995929443690593,False
237,2609 陽明,2019-12-25,7.23,7.29,7.21,7.24,733,5307,263,2601335,0,1.17,-0.009575923392612777,False
238,2609 陽明,2019-12-26,7.25,7.27,7.23,7.23,689,4997,208,2601335,0,1.17,0.0,False
239,2609 陽明,2019-12-27,7.24,7.25,7.2,7.2,985,7114,329,2601335,0,1.16,-0.005524861878453044,False
240,2609 陽明,2019-12-30,7.2,7.24,7.18,7.2,534,3853,255,2601335,0,1.16,-0.00414937759336103,False
241,2609 陽明,2019-12-31,7.2,7.3,7.17,7.21,1128,8138,329,2601335,0,1.16,-0.0041436464088398135,False
242,2609 陽明,2020-01-02,7.26,7.29,7.25,7.28,1124,8183,507,2601335,0,1.17,0.006915629322268302,False
243,2609 陽明,2020-01-03,7.36,7.36,7.26,7.32,1665,12156,721,2601335,0,1.18,0.01666666666666668,False
244,2609 陽明,2020-01-06,7.34,7.36,7.26,7.26,1375,10064,459,2601335,0,1.17,0.00833333333333328,False
245,2609 陽明,2020-01-07,7.28,7.3,7.26,7.28,959,6988,404,2601335,0,1.17,0.009708737864077709,False
246,2609 陽明,2020-01-08,7.28,7.28,7.2,7.2,768,5558,362,2601335,0,1.16,-0.010989010989010999,False
247,2609 陽明,2020-01-09,7.21,7.29,7.21,7.22,475,3433,226,2601335,0,1.16,-0.013661202185792422,False
248,2609 陽明,2020-01-10,7.22,7.25,7.19,7.23,1101,7955,306,2601335,0,1.17,-0.004132231404958589,False
249,2609 陽明,2020-01-13,7.23,7.28,7.22,7.22,533,3864,241,2601335,0,1.16,-0.00824175824175831,False
250,2609 陽明,2020-01-14,7.23,7.28,7.2,7.22,857,6209,310,2601335,0,1.16,0.0027777777777777185,False
251,2609 陽明,2020-01-15,7.22,7.25,7.2,7.25,869,6288,251,2601335,0,1.17,0.004155124653739647,False
252,2609 陽明,2020-01-16,7.28,7.3,7.27,7.27,1189,8663,343,2601335,0,1.17,0.005532503457814543,False
253,2609 陽明,2020-01-17,7.27,7.29,7.24,7.25,562,4089,236,2601335,0,1.17,0.004155124653739647,False
254,2609 陽明,2020-01-20,7.23,7.24,7.12,7.18,2774,19980,514,2601335,0,1.16,-0.005540166204986155,False
255,2609 陽明,2020-01-30,6.81,6.94,6.62,6.67,5027,34250,961,2601335,0,1.08,-0.08000000000000002,跌
256,2609 陽明,2020-01-31,6.5,6.88,6.5,6.77,2508,16916,512,2601335,0,1.09,-0.06877579092159561,跌
257,2609 陽明,2020-02-03,6.51,6.51,6.3,6.46,2034,13101,546,2601335,0,1.04,-0.10896551724137932,跌
258,2609 陽明,2020-02-04,6.48,6.51,6.4,6.49,2139,13822,542,2601335,0,1.05,-0.09610027855153197,跌
259,2609 陽明,2020-02-05,6.5,6.55,6.48,6.52,1257,8191,340,2601335,0,1.05,-0.02248875562218896,False
260,2609 陽明,2020-02-06,6.55,6.69,6.55,6.68,1735,11542,495,2601335,0,1.08,-0.01329394387001475,False
261,2609 陽明,2020-02-07,6.7,6.7,6.57,6.58,1728,11450,443,2601335,0,1.06,0.01857585139318887,False
262,2609 陽明,2020-02-10,6.57,6.57,6.4,6.48,1188,7698,346,2601335,0,1.05,-0.0015408320493065927,False
263,2609 陽明,2020-02-11,6.48,6.54,6.47,6.47,1079,7014,351,2601335,0,1.04,-0.007668711656441691,False
264,2609 陽明,2020-02-12,6.48,6.57,6.48,6.53,806,5269,279,2601335,0,1.05,-0.0224550898203592,False
265,2609 陽明,2020-02-13,6.53,6.66,6.53,6.6,1380,9127,509,2601335,0,1.06,0.0030395136778114855,False
266,2609 陽明,2020-02-14,6.6,6.6,6.56,6.58,811,5342,369,2601335,0,1.06,0.015432098765432042,False
267,2609 陽明,2020-02-17,6.57,6.62,6.53,6.6,1362,8941,398,2601335,0,1.06,0.020092735703245733,False
268,2609 陽明,2020-02-18,6.6,7.01,6.6,6.99,3881,26709,1310,2601335,0,1.13,0.07044410413476263,漲
269,2609 陽明,2020-02-19,7.07,7.22,7.02,7.21,3873,27709,1175,2601335,0,1.16,0.09242424242424248,漲
270,2609 陽明,2020-02-20,7.25,7.3,7.1,7.14,1931,13867,667,2601335,0,1.15,0.08510638297872335,漲
271,2609 陽明,2020-02-21,7.11,7.14,7.08,7.09,1224,8703,400,2601335,0,1.14,0.07424242424242428,漲
272,2609 陽明,2020-02-24,7.06,7.06,6.94,6.94,2052,14358,609,2601335,0,1.12,-0.0071530758226036936,False
273,2609 陽明,2020-02-25,6.9,6.94,6.83,6.91,808,5571,409,2601335,0,1.11,-0.041608876560332846,跌
274,2609 陽明,2020-02-26,6.9,6.91,6.82,6.85,1364,9355,540,2601335,0,1.1,-0.04061624649859945,跌
275,2609 陽明,2020-02-27,6.87,6.94,6.76,6.93,2993,20571,890,2601335,0,1.12,-0.022566995768688314,False
276,2609 陽明,2020-03-02,6.78,6.84,6.71,6.77,2062,13949,774,2601335,0,1.09,-0.024495677233429512,False
277,2609 陽明,2020-03-03,6.8,6.89,6.78,6.78,747,5084,265,2601335,0,1.09,-0.01881331403762661,False
278,2609 陽明,2020-03-04,6.72,6.86,6.66,6.86,1663,11184,515,2601335,0,1.11,0.0014598540145986387,False
279,2609 陽明,2020-03-05,6.88,6.94,6.85,6.9,1129,7784,315,2601335,0,1.11,-0.004329004329004237,False
280,2609 陽明,2020-03-06,6.82,6.9,6.78,6.81,1072,7312,339,2601335,0,1.1,0.005908419497784348,False
281,2609 陽明,2020-03-09,6.74,6.75,6.58,6.58,2252,14958,738,2601335,0,1.06,-0.029498525073746337,False
282,2609 陽明,2020-03-10,6.48,6.64,6.45,6.63,2680,17498,695,2601335,0,1.07,-0.03352769679300298,跌
283,2609 陽明,2020-03-11,6.68,6.69,6.55,6.55,1317,8731,407,2601335,0,1.06,-0.05072463768115949,跌
284,2609 陽明,2020-03-12,6.5,6.51,6.14,6.19,4632,29084,1033,2601335,0,1,-0.09104258443465481,跌
285,2609 陽明,2020-03-13,5.75,5.75,5.58,5.68,5983,33583,1441,2601335,-,0.92,-0.1367781155015198,跌
286,2609 陽明,2020-03-16,5.51,5.66,5.2,5.2,4091,22102,1033,2601335,-,0.84,-0.21568627450980388,跌
287,2609 陽明,2020-03-17,5.02,5.09,4.95,4.95,4069,20374,1003,2601335,-,0.8,-0.2442748091603053,跌
288,2609 陽明,2020-03-18,4.89,5.2,4.89,4.96,4002,20114,1145,2601335,-,0.8,-0.19870759289176096,跌
289,2609 陽明,2020-03-19,4.91,4.95,4.72,4.73,6327,30693,1268,2601335,-,0.76,-0.16725352112676045,跌
290,2609 陽明,2020-03-20,4.88,5.1,4.88,5.02,2881,14485,809,2601335,-,0.81,-0.03461538461538473,跌
291,2609 陽明,2020-03-23,4.96,4.96,4.8,4.89,1913,9329,495,2601335,-,0.79,-0.012121212121212222,False
292,2609 陽明,2020-03-24,4.93,5.11,4.93,4.97,2400,12017,588,2601335,-,0.8,0.0020161290322580215,False
293,2609 陽明,2020-03-25,5.1,5.22,5.07,5.15,2822,14566,804,2601335,-,0.83,0.08879492600422831,漲
294,2609 陽明,2020-03-26,5.3,5.3,5.12,5.25,2177,11354,640,2601335,-,0.85,0.045816733067729175,漲
295,2609 陽明,2020-03-27,5.31,5.4,5.17,5.18,2083,10961,579,2601335,-,0.84,0.05930470347648263,漲
296,2609 陽明,2020-03-30,5.05,5.1,4.96,5.09,1524,7658,398,2601335,-,0.82,0.024144869215291773,False
297,2609 陽明,2020-03-31,5.1,5.18,5.06,5.08,1894,9701,439,2601335,-,0.82,-0.013592233009708792,False
298,2609 陽明,2020-04-01,5.06,5.11,5.0,5.06,1263,6397,400,2601335,-,0.8,-0.036190476190476266,跌
299,2609 陽明,2020-04-06,5.06,5.06,5.0,5.04,1007,5068,357,2601335,-,0.8,-0.027027027027026966,False
300,2609 陽明,2020-04-07,5.08,5.17,5.08,5.13,1504,7696,495,2601335,-,0.81,0.007858546168958749,False
301,2609 陽明,2020-04-08,5.15,5.25,5.13,5.24,2932,15252,798,2601335,-,0.83,0.03149606299212601,漲
302,2609 陽明,2020-04-09,5.28,5.51,5.28,5.45,4523,24426,1203,2601335,-,0.86,0.07707509881422937,漲
303,2609 陽明,2020-04-10,5.57,5.57,5.39,5.5,2490,13605,685,2601335,-,0.87,0.09126984126984126,漲
304,2609 陽明,2020-04-13,5.5,5.51,5.33,5.36,3005,16145,721,2601335,-,0.85,0.04483430799220281,漲
305,2609 陽明,2020-04-14,5.35,5.45,5.35,5.42,2397,12948,516,2601335,-,0.86,0.034351145038167885,漲
306,2609 陽明,2020-04-15,5.45,5.59,5.42,5.47,8742,48105,1625,2601335,-,0.86,0.0036697247706421235,False
307,2609 陽明,2020-04-16,5.42,5.45,5.37,5.41,2445,13219,682,2601335,-,0.85,-0.016363636363636337,False
308,2609 陽明,2020-04-17,5.49,5.55,5.4,5.41,3201,17508,850,2601335,-,0.85,0.00932835820895519,False
309,2609 陽明,2020-04-20,5.49,5.49,5.39,5.45,1770,9619,333,2601335,-,0.86,0.005535055350553551,False
310,2609 陽明,2020-04-21,5.46,5.51,5.37,5.4,4573,24824,881,2601335,-,0.85,-0.01279707495429605,False
311,2609 陽明,2020-04-22,5.35,5.42,5.3,5.4,1411,7572,386,2601335,-,0.85,-0.0018484288354897942,False
312,2609 陽明,2020-04-23,5.4,5.47,5.35,5.39,1930,10417,821,2601335,-,0.85,-0.0036968576709797527,False
313,2609 陽明,2020-04-24,5.45,5.45,5.37,5.43,1062,5741,286,2601335,-,0.86,-0.0036697247706422866,False
314,2609 陽明,2020-04-27,5.46,5.69,5.45,5.69,5682,31770,1328,2601335,-,0.9,0.053703703703703705,漲
315,2609 陽明,2020-04-28,5.7,6.25,5.7,6.25,10874,66103,2388,2601335,-,0.99,0.15740740740740733,漲
316,2609 陽明,2020-04-29,6.32,6.83,6.32,6.79,17084,112996,3463,2601335,-,1.07,0.2597402597402598,漲
317,2609 陽明,2020-04-30,6.8,6.87,6.5,6.77,10184,68704,2441,2601335,-,1.07,0.2467771639042357,漲
318,2609 陽明,2020-05-04,6.56,6.66,6.48,6.57,5292,34922,1019,2601335,-,1.04,0.15465729349736376,漲
319,2609 陽明,2020-05-05,6.57,6.64,6.4,6.43,4522,29322,1148,2601335,-,1.02,0.028799999999999954,False
320,2609 陽明,2020-05-06,6.47,6.47,6.31,6.36,2667,16993,721,2601335,-,1,-0.06332842415316638,跌
321,2609 陽明,2020-05-07,6.32,6.45,6.31,6.38,1812,11581,489,2601335,-,1.01,-0.0576070901033973,跌
322,2609 陽明,2020-05-08,6.4,6.47,6.33,6.37,1918,12222,557,2601335,-,1.01,-0.03044140030441403,跌
323,2609 陽明,2020-05-11,6.37,6.48,6.37,6.45,2249,14503,634,2601335,-,1.02,0.003110419906687475,False
324,2609 陽明,2020-05-12,6.34,6.45,6.28,6.31,2857,18072,724,2601335,-,1,-0.007861635220125897,False
325,2609 陽明,2020-05-13,6.27,6.59,6.26,6.59,1644,10579,541,2601335,-,1.04,0.032915360501567396,漲
326,2609 陽明,2020-05-14,6.5,6.51,6.39,6.39,1851,11943,593,2601335,-,1.01,0.003139717425431644,False
327,2609 陽明,2020-05-15,6.32,6.44,6.3,6.32,1742,11040,426,2601335,-,1.11,-0.020155038759689905,False
328,2609 陽明,2020-05-18,6.32,6.4,6.32,6.36,1011,6437,318,2601335,-,1.12,0.007923930269413742,False
329,2609 陽明,2020-05-19,6.44,6.51,6.4,6.45,2180,14076,599,2601335,-,1.13,-0.021244309559939254,False
330,2609 陽明,2020-05-20,6.49,6.49,6.39,6.4,1439,9262,393,2601335,-,1.12,0.0015649452269171635,False
331,2609 陽明,2020-05-21,6.55,6.89,6.54,6.83,8398,56710,2108,2601335,-,1.2,0.08069620253164553,漲
332,2609 陽明,2020-05-22,6.69,6.82,6.66,6.68,4785,32201,971,2601335,-,1.17,0.05031446540880494,漲
333,2609 陽明,2020-05-25,6.51,6.68,6.46,6.53,1816,11880,540,2601335,-,1.15,0.012403100775193809,False
334,2609 陽明,2020-05-26,6.61,6.62,6.55,6.61,1405,9255,410,2601335,-,1.16,0.032812499999999994,漲
335,2609 陽明,2020-05-27,6.61,6.66,6.53,6.59,2017,13297,455,2601335,-,1.16,-0.03513909224011716,跌
336,2609 陽明,2020-05-28,6.6,6.67,6.52,6.53,2271,14977,564,2601335,-,1.15,-0.0224550898203592,False
337,2609 陽明,2020-05-29,6.53,6.71,6.47,6.5,2362,15556,550,2601335,-,1.14,-0.004594180704441079,False
338,2609 陽明,2020-06-01,6.53,6.61,6.53,6.59,1531,10090,417,2601335,-,1.16,-0.00302571860816951,False
339,2609 陽明,2020-06-02,6.58,6.6,6.51,6.58,1567,10268,357,2601335,-,1.15,-0.001517450682852775,False
340,2609 陽明,2020-06-03,6.57,6.65,6.57,6.61,1801,11914,495,2601335,-,1.16,0.012251148545176121,False
341,2609 陽明,2020-06-04,6.63,6.72,6.6,6.65,2838,18865,756,2601335,-,1.17,0.02307692307692313,False
342,2609 陽明,2020-06-05,6.64,6.88,6.64,6.85,6307,42790,1445,2601335,-,1.2,0.03945371775417296,漲
343,2609 陽明,2020-06-08,6.95,6.97,6.8,6.85,3559,24382,1021,2601335,-,1.2,0.04103343465045586,漲
344,2609 陽明,2020-06-09,6.85,6.93,6.79,6.89,3021,20694,811,2601335,-,1.21,0.042360060514372064,漲
345,2609 陽明,2020-06-10,6.87,6.89,6.8,6.84,2726,18639,633,2601335,-,1.2,0.028571428571428494,False
346,2609 陽明,2020-06-11,6.84,6.84,6.54,6.54,3550,23731,998,2601335,-,1.15,-0.04525547445255469,跌
347,2609 陽明,2020-06-12,6.36,6.45,6.31,6.42,2565,16376,675,2601335,-,1.13,-0.06277372262773719,跌
348,2609 陽明,2020-06-15,6.45,6.45,6.32,6.42,2047,13039,547,2601335,-,1.13,-0.06821480406386063,跌
349,2609 陽明,2020-06-16,6.55,6.64,6.49,6.59,2397,15741,598,2601335,-,1.16,-0.03654970760233918,跌
350,2609 陽明,2020-06-17,6.62,6.64,6.55,6.55,906,5963,327,2601335,-,1.15,0.0015290519877675516,False
351,2609 陽明,2020-06-18,6.59,6.59,6.44,6.49,1608,10432,475,2601335,-,1.14,0.010903426791277303,False
352,2609 陽明,2020-06-19,6.47,6.59,6.45,6.59,1884,12299,437,2601335,-,1.16,0.02647975077881619,False
353,2609 陽明,2020-06-22,6.59,6.7,6.55,6.59,2254,14937,586,2601335,-,1.16,0.0,False
354,2609 陽明,2020-06-23,6.61,6.65,6.54,6.59,1357,8937,403,2601335,-,1.16,0.00610687022900764,False
355,2609 陽明,2020-06-24,6.59,6.6,6.53,6.54,1061,6951,273,2601335,-,1.15,0.0077041602465331,False
356,2609 陽明,2020-06-29,6.52,6.52,6.42,6.47,1359,8774,385,2601335,-,1.14,-0.018209408194233705,False
357,2609 陽明,2020-06-30,6.48,6.57,6.44,6.5,1034,6732,263,2601335,-,1.14,-0.013657056145675243,False
358,2609 陽明,2020-07-01,6.51,6.55,6.45,6.45,1221,7924,400,2601335,-,1.13,-0.021244309559939254,False
359,2609 陽明,2020-07-02,6.45,6.48,6.41,6.45,2464,15857,493,2601335,-,1.13,-0.013761467889908235,False
360,2609 陽明,2020-07-03,6.5,6.59,6.45,6.51,2557,16680,666,2601335,-,1.14,0.0061823802163833135,False
361,2609 陽明,2020-07-06,6.56,6.59,6.51,6.56,2522,16520,710,2601335,-,1.15,0.009230769230769171,False
362,2609 陽明,2020-07-07,6.59,6.62,6.5,6.53,1952,12772,492,2601335,-,1.15,0.012403100775193809,False
363,2609 陽明,2020-07-08,6.59,6.7,6.54,6.65,2931,19384,766,2601335,-,1.17,0.031007751937984523,漲
364,2609 陽明,2020-07-09,6.66,6.72,6.57,6.57,2792,18518,584,2601335,-,1.15,0.009216589861751228,False
365,2609 陽明,2020-07-10,6.55,6.55,6.36,6.4,2889,18561,773,2601335,-,1.12,-0.02439024390243891,False
366,2609 陽明,2020-07-13,6.5,6.5,6.4,6.4,1515,9726,496,2601335,-,1.12,-0.01990811638591116,False
367,2609 陽明,2020-07-14,6.37,6.39,6.34,6.34,1438,9151,465,2601335,-,1.11,-0.04661654135338353,跌
368,2609 陽明,2020-07-15,6.34,6.4,6.34,6.35,2413,15362,440,2601335,-,1.11,-0.0334855403348555,跌
369,2609 陽明,2020-07-16,6.36,6.46,6.35,6.42,1340,8569,382,2601335,-,1.13,0.0031249999999999334,False
370,2609 陽明,2020-07-17,6.49,6.49,6.28,6.31,2110,13386,544,2601335,-,1.11,-0.014062500000000117,False
371,2609 陽明,2020-07-20,6.31,6.31,6.26,6.28,755,4743,262,2601335,-,1.1,-0.00946372239747628,False
372,2609 陽明,2020-07-21,6.31,6.41,6.29,6.34,1467,9329,507,2601335,-,1.11,-0.0015748031496062658,False
373,2609 陽明,2020-07-22,6.34,6.44,6.34,6.39,818,5223,294,2601335,-,1.12,-0.004672897196261721,False
374,2609 陽明,2020-07-23,6.39,6.42,6.34,6.37,646,4118,225,2601335,-,1.12,0.009508716323296435,False
375,2609 陽明,2020-07-24,6.37,6.37,6.25,6.25,1622,10199,459,2601335,-,1.1,-0.004777070063694307,False
376,2609 陽明,2020-07-27,6.26,6.32,6.08,6.1,2620,16144,685,2601335,-,1.07,-0.0378548895899054,跌
377,2609 陽明,2020-07-28,6.1,6.13,6.06,6.06,2116,12874,451,2601335,-,1.06,-0.05164319248826293,跌
378,2609 陽明,2020-07-29,6.07,6.31,6.07,6.24,1728,10774,451,2601335,-,1.09,-0.020408163265306107,False
379,2609 陽明,2020-07-30,6.25,6.26,6.2,6.24,1704,10619,347,2601335,-,1.09,-0.0015999999999999658,False
380,2609 陽明,2020-07-31,6.25,6.36,6.24,6.31,1513,9549,399,2601335,-,1.11,0.034426229508196717,漲
381,2609 陽明,2020-08-03,6.3,6.43,6.26,6.29,1999,12706,548,2601335,-,1.1,0.037953795379538025,漲
382,2609 陽明,2020-08-04,6.32,6.33,6.25,6.25,1274,8008,358,2601335,-,1.1,0.0016025641025640682,False
383,2609 陽明,2020-08-05,6.26,6.28,6.24,6.25,1055,6607,311,2601335,-,1.1,0.0016025641025640682,False
384,2609 陽明,2020-08-06,6.26,6.57,6.26,6.38,4874,31242,1049,2601335,-,1.12,0.011093502377179126,False
385,2609 陽明,2020-08-07,6.4,6.52,6.39,6.46,2546,16403,752,2601335,-,1.13,0.027027027027027015,False
386,2609 陽明,2020-08-10,6.45,7.1,6.45,7.1,17196,117175,3583,2601335,-,1.25,0.13599999999999995,漲
387,2609 陽明,2020-08-11,7.6,7.81,7.4,7.81,30066,230914,4892,2601335,-,1.37,0.24959999999999993,漲
388,2609 陽明,2020-08-12,7.75,7.75,7.26,7.69,22736,169769,5014,2601335,-,1.35,0.20532915360501575,漲
389,2609 陽明,2020-08-13,7.65,8.25,7.54,7.89,15396,121926,4113,2601335,-,1.38,0.22136222910216713,漲
390,2609 陽明,2020-08-14,8.0,8.67,7.9,8.59,30176,253598,7075,2601335,-,1.42,0.20985915492957752,漲
391,2609 陽明,2020-08-17,8.47,8.8,8.18,8.62,22705,194228,5592,2601335,-,1.43,0.10371318822023043,漲
392,2609 陽明,2020-08-18,8.61,8.62,8.27,8.43,13577,114562,3210,2601335,-,1.4,0.09622886866059809,漲
393,2609 陽明,2020-08-19,8.5,8.64,8.2,8.24,11621,97699,3020,2601335,-,1.36,0.044359949302915154,漲
394,2609 陽明,2020-08-20,8.25,8.34,7.5,7.67,18156,143152,4285,2601335,-,1.27,-0.10710128055878929,跌
395,2609 陽明,2020-08-21,7.86,8.05,7.81,7.84,12088,95763,3358,2601335,-,1.3,-0.09048723897911827,跌
396,2609 陽明,2020-08-24,7.9,8.07,7.7,7.95,7957,62453,1935,2601335,-,1.32,-0.05693950177935938,跌
397,2609 陽明,2020-08-25,8.12,8.74,8.01,8.74,25042,213602,5522,2601335,-,1.45,0.06067961165048544,漲
398,2609 陽明,2020-08-26,8.93,9.61,8.9,9.61,57926,545575,13264,2601335,-,1.59,0.25293350717079527,漲
399,2609 陽明,2020-08-27,9.69,9.69,9.11,9.36,35696,336431,9456,2601335,-,1.55,0.1938775510204081,漲
400,2609 陽明,2020-08-28,9.36,9.45,9.1,9.21,14392,133602,3939,2601335,-,1.52,0.15849056603773592,漲
401,2609 陽明,2020-08-31,9.6,10.1,9.6,10.1,27551,274102,5062,2601335,-,1.67,0.1556064073226544,漲
402,2609 陽明,2020-09-01,10.2,10.95,10.2,10.6,55635,587406,12235,2601335,-,1.75,0.10301768990634759,漲
403,2609 陽明,2020-09-02,10.55,11.05,10.2,11.0,34960,372314,8007,2601345,-,1.82,0.17521367521367529,漲
404,2609 陽明,2020-09-03,10.9,11.3,10.75,11.05,30875,340872,7285,2601345,-,1.83,0.19978284473398478,漲
405,2609 陽明,2020-09-04,10.6,11.5,10.6,11.5,31938,353772,6795,2601345,-,1.9,0.13861386138613865,漲
406,2609 陽明,2020-09-07,11.6,12.3,11.55,11.95,44018,523148,10972,2601345,-,1.98,0.1273584905660377,漲
407,2609 陽明,2020-09-08,11.9,11.9,11.15,11.25,41568,476578,9557,2601345,-,1.86,0.022727272727272728,False
408,2609 陽明,2020-09-09,10.95,11.35,10.65,11.3,19865,219683,4883,2601345,-,1.87,0.02262443438914027,False
409,2609 陽明,2020-09-10,11.45,11.45,10.85,10.95,21500,238116,4967,2601345,-,1.81,-0.0478260869565218,跌
410,2609 陽明,2020-09-11,11.1,11.15,10.15,10.2,41200,437214,8551,2601345,-,1.69,-0.14644351464435149,跌
411,2609 陽明,2020-09-14,10.35,10.55,9.91,10.1,25275,257206,5032,2601345,-,1.67,-0.10222222222222226,跌
412,2609 陽明,2020-09-15,10.3,10.3,10.05,10.2,9747,98923,2261,2601345,-,1.69,-0.09734513274336296,跌
413,2609 陽明,2020-09-16,10.2,10.2,9.78,9.81,20014,197782,5514,2601345,-,1.62,-0.10410958904109578,跌
414,2609 陽明,2020-09-17,9.8,10.2,9.8,9.91,10147,100954,2688,2601345,-,1.64,-0.028431372549019528,False
415,2609 陽明,2020-09-18,9.93,9.99,9.86,9.88,7133,70684,1860,2601345,-,1.64,-0.02178217821782167,False
416,2609 陽明,2020-09-21,9.91,9.99,9.84,9.88,8506,84259,1875,2601345,-,1.64,-0.0313725490196077,跌
417,2609 陽明,2020-09-22,10.0,10.05,9.8,9.97,14181,141351,3535,2601345,-,1.65,0.016309887869520912,False
418,2609 陽明,2020-09-23,9.98,9.98,9.44,9.44,16473,158850,4266,2601345,-,1.56,-0.04742684157416757,跌
419,2609 陽明,2020-09-24,9.35,9.4,9.01,9.01,13311,122171,3392,2601345,-,1.49,-0.08805668016194342,跌
420,2609 陽明,2020-09-25,9.1,9.75,9.1,9.75,21580,204415,5570,2601345,-,1.61,-0.013157894736842183,False
421,2609 陽明,2020-09-28,9.6,9.73,9.3,9.45,12090,115341,3209,2601345,-,1.56,-0.052156469408224805,跌
422,2609 陽明,2020-09-29,9.45,9.82,9.45,9.61,9852,95048,2295,2601345,-,1.59,0.01800847457627118,False
423,2609 陽明,2020-09-30,9.55,9.82,9.49,9.7,6930,67003,1596,2622624,-,1.61,0.07658157602663701,漲
424,2609 陽明,2020-10-05,9.79,10.15,9.77,10.15,19513,195304,3510,2622624,-,1.68,0.04102564102564106,漲
425,2609 陽明,2020-10-06,10.15,10.15,9.97,10.15,13208,132809,2705,2622624,-,1.68,0.0740740740740742,漲
426,2609 陽明,2020-10-07,10.15,10.5,10.1,10.2,13308,136873,2757,2622624,-,1.69,0.06139438085327782,漲
427,2609 陽明,2020-10-08,10.25,10.3,9.98,10.05,9211,92386,2108,2622624,-,1.66,0.03608247422680427,漲
428,2609 陽明,2020-10-12,10.15,10.15,9.85,10.0,7526,75031,2141,2622624,-,1.66,-0.014778325123152743,False
429,2609 陽明,2020-10-13,9.95,10.4,9.9,10.25,19625,200465,4018,2622624,-,1.7,0.009852216748768438,False
430,2609 陽明,2020-10-14,10.1,10.25,10.05,10.2,8181,83115,2003,2622624,-,1.69,0.0,False
431,2609 陽明,2020-10-15,10.25,10.6,10.15,10.4,17931,186949,3867,2622624,-,1.72,0.03482587064676613,漲
432,2609 陽明,2020-10-16,10.6,10.65,10.3,10.4,20079,210638,3646,2622624,-,1.72,0.040000000000000036,漲
433,2609 陽明,2020-10-19,10.6,10.75,10.4,10.45,9635,101411,2051,2622624,-,1.73,0.01951219512195115,False
434,2609 陽明,2020-10-20,10.4,10.7,10.2,10.6,12168,127102,2760,2622624,-,1.75,0.03921568627450984,漲
435,2609 陽明,2020-10-21,10.65,10.7,10.45,10.55,8004,84341,1819,2622624,-,1.75,0.014423076923076957,False
436,2609 陽明,2020-10-22,10.55,10.6,10.3,10.45,7457,77884,1716,2622624,-,1.73,0.004807692307692205,False
437,2609 陽明,2020-10-23,10.5,11.1,10.4,11.0,33704,365185,6753,2622624,-,1.82,0.052631578947368494,漲
438,2609 陽明,2020-10-26,11.15,12.1,11.1,12.1,111521,1334968,15536,2622624,-,2,0.14150943396226415,漲
439,2609 陽明,2020-10-27,11.9,12.0,11.4,12.0,73994,866224,14536,2622624,-,1.99,0.13744075829383878,漲
440,2609 陽明,2020-10-28,11.95,12.0,11.3,11.45,43601,505534,9072,2622624,-,1.9,0.09569377990430622,漲
441,2609 陽明,2020-10-29,11.05,11.65,10.9,11.6,42348,474464,7384,2622624,-,1.92,0.054545454545454515,漲
442,2609 陽明,2020-10-30,11.7,12.0,11.3,11.5,50815,590961,9834,2645912,-,1.9,-0.049586776859504106,跌
443,2609 陽明,2020-11-02,11.7,11.85,11.4,11.6,32654,381400,5857,2645912,-,1.92,-0.03333333333333336,跌
444,2609 陽明,2020-11-03,11.7,11.95,11.5,11.75,29608,347585,5825,2645912,-,1.95,0.02620087336244548,False
445,2609 陽明,2020-11-04,11.95,12.6,11.6,12.5,65400,786277,12626,2645912,-,2.07,0.07758620689655175,漲
446,2609 陽明,2020-11-05,12.4,12.6,12.05,12.25,58581,720066,12380,2645912,-,2.03,0.06521739130434782,漲
447,2609 陽明,2020-11-06,12.35,13.2,12.2,12.9,69864,885637,15964,2645912,-,2.14,0.11206896551724145,漲
448,2609 陽明,2020-11-09,13.0,14.15,12.85,14.1,115298,1569394,24432,2645912,-,2.33,0.19999999999999998,漲
449,2609 陽明,2020-11-10,14.15,14.5,12.95,13.6,117678,1624342,32664,2645912,-,2.25,0.08799999999999997,漲
450,2609 陽明,2020-11-11,13.55,13.75,12.45,13.55,113516,1480087,25412,2645912,-,2.24,0.10612244897959189,漲
451,2609 陽明,2020-11-12,13.1,13.15,12.2,12.35,90102,1138471,21200,2645912,-,2.04,-0.04263565891472874,跌
452,2609 陽明,2020-11-13,12.4,12.8,12.2,12.5,61265,765465,12148,2645912,37.88,1.69,-0.11347517730496452,跌
453,2609 陽明,2020-11-16,12.7,12.8,12.4,12.5,42815,538482,8421,2645912,37.88,1.69,-0.08088235294117645,跌
454,2609 陽明,2020-11-17,12.45,12.6,12.1,12.5,53068,658692,11854,2645912,37.88,1.69,-0.07749077490774912,跌
455,2609 陽明,2020-11-18,12.5,13.25,12.5,13.0,84199,1085328,17280,2645912,39.39,1.76,0.05263157894736845,漲
456,2609 陽明,2020-11-19,13.0,13.0,12.6,12.75,44322,566665,9715,2645912,38.64,1.72,0.02,False
457,2609 陽明,2020-11-20,12.7,12.85,12.55,12.8,35197,447781,6933,2645912,38.79,1.73,0.024000000000000056,False
458,2609 陽明,2020-11-23,13.0,13.1,12.8,13.0,58823,762089,11081,2645912,39.39,1.76,0.04,漲
459,2609 陽明,2020-11-24,13.15,13.35,13.0,13.05,61262,803589,13141,2645912,39.55,1.76,0.003846153846153901,False
460,2609 陽明,2020-11-25,13.25,13.7,13.15,13.6,100667,1352988,19190,2645912,41.21,1.84,0.06666666666666664,漲
461,2609 陽明,2020-11-26,13.75,13.95,13.25,13.55,92557,1265597,20072,2645912,41.06,1.83,0.05859375,漲
462,2609 陽明,2020-11-27,13.55,13.7,13.4,13.6,41678,565516,9428,2645912,41.21,1.84,0.04615384615384613,漲
463,2609 陽明,2020-11-30,13.65,13.7,13.25,13.25,58170,785704,13269,2925018,40.15,1.79,0.015325670498084237,False
464,2609 陽明,2020-12-01,13.3,13.35,12.6,13.05,66054,853595,14870,2925018,39.55,1.76,-0.04044117647058816,跌
465,2609 陽明,2020-12-02,13.1,13.25,12.65,12.9,45337,587593,9736,2925018,39.09,1.74,-0.04797047970479707,跌
466,2609 陽明,2020-12-03,12.9,13.15,12.7,12.75,35195,453491,8726,2925018,38.64,1.72,-0.06249999999999997,跌
467,2609 陽明,2020-12-04,12.85,12.85,12.65,12.85,28201,359421,6356,2925018,38.94,1.74,-0.030188679245283047,跌
468,2609 陽明,2020-12-07,12.95,13.05,12.7,12.85,34846,449318,6726,2925018,38.94,1.74,-0.015325670498084372,False
469,2609 陽明,2020-12-08,13.15,14.05,13.1,14.05,137177,1886209,29413,2925018,42.58,1.9,0.08914728682170545,漲
470,2609 陽明,2020-12-09,14.05,14.9,13.8,14.4,133020,1902619,31050,2925018,43.64,1.95,0.1294117647058824,漲
471,2609 陽明,2020-12-10,14.45,14.85,14.15,14.35,89946,1298844,20767,2925018,43.48,1.94,0.11673151750972763,漲
472,2609 陽明,2020-12-11,14.3,14.35,13.5,13.7,100878,1406310,22530,2925018,41.52,1.85,0.06614785992217896,漲
473,2609 陽明,2020-12-14,13.85,15.05,13.8,15.05,126195,1831803,21928,2925018,45.61,2.03,0.07117437722419928,漲
474,2609 陽明,2020-12-15,15.35,16.5,15.15,15.55,236049,3700946,51354,2925018,47.12,2.1,0.07986111111111113,漲
475,2609 陽明,2020-12-16,15.65,16.2,15.15,15.85,126364,1979070,27357,2925018,48.03,2.14,0.10452961672473868,漲
476,2609 陽明,2020-12-17,15.8,16.05,15.45,15.7,79684,1250952,16675,2925018,47.58,2.12,0.14598540145985403,漲
477,2609 陽明,2020-12-18,16.0,17.25,15.9,17.25,206360,3455606,40990,2925018,52.27,2.33,0.14617940199335544,漲
478,2609 陽明,2020-12-21,17.65,18.95,17.5,18.95,223996,4091639,44924,2925018,57.42,2.56,0.21864951768488736,漲
479,2609 陽明,2020-12-22,19.2,20.0,17.8,18.55,291542,5579380,88762,2925018,56.21,2.51,0.1703470031545742,漲
480,2609 陽明,2020-12-23,18.85,20.4,17.5,20.4,224886,4279494,53845,2925018,61.82,2.76,0.29936305732484075,漲
481,2609 陽明,2020-12-24,20.35,21.5,19.7,21.0,218649,4461219,57527,2925018,63.64,2.84,0.21739130434782608,漲
482,2609 陽明,2020-12-25,23.1,23.1,22.35,23.1,180477,4152899,43045,2925018,70,3.12,0.21899736147757268,漲
483,2609 陽明,2020-12-28,24.3,25.4,24.3,25.4,83468,2076502,17643,2925018,76.97,3.43,0.3692722371967654,漲
484,2609 陽明,2020-12-29,27.9,27.9,25.4,27.9,316446,8696126,101037,2925018,84.55,3.77,0.36764705882352944,漲
485,2609 陽明,2020-12-30,27.3,28.05,25.65,27.5,111570,2999679,48664,2925018,83.33,3.72,0.30952380952380953,漲
486,2609 陽明,2020-12-31,27.5,29.25,27.25,29.25,100773,2845517,39249,3167662,88.64,3.95,0.26623376623376616,漲
487,2609 陽明,2021-01-04,30.7,32.15,30.7,32.15,102044,3217518,40766,3167662,97.42,4.34,0.265748031496063,漲
488,2609 陽明,2021-01-05,31.6,32,30,32.0,49151,1525683,14522,3167662,96.97,4.32,0.1469534050179212,漲
489,2609 陽明,2021-01-06,32,32,28.8,28.8,64941,1960143,18020,3167662,87.27,3.89,0.0472727272727273,漲
490,2609 陽明,2021-01-07,28.6,28.6,25.95,25.95,49450,1294854,11365,3167662,78.64,3.51,-0.11282051282051285,跌
491,2609 陽明,2021-01-08,25.65,27.4,25.65,27.3,79753,2099363,19004,3167662,82.73,3.69,-0.15085536547433898,跌
492,2609 陽明,2021-01-11,28,28.55,28,28.55,47981,1355360,10833,3167662,86.52,3.86,-0.10781249999999998,跌
493,2609 陽明,2021-01-12,26.1,26.8,25.7,25.7,63035,1626626,13360,3167662,77.88,3.47,-0.10763888888888894,跌
494,2609 陽明,2021-01-13,25.35,25.7,24,24.0,56909,1412065,11653,3167662,72.73,3.24,-0.07514450867052021,跌
495,2609 陽明,2021-01-14,24.75,26.4,24.75,25.9,47688,1231445,8255,3167662,78.48,3.5,-0.05128205128205136,跌
496,2609 陽明,2021-01-15,25.1,25.1,23.35,23.35,28710,676194,7219,3167662,70.76,3.16,-0.18213660245183885,跌
497,2609 陽明,2021-01-18,23,23.8,21.3,23.8,61733,1398358,10523,3167662,72.12,3.22,-0.07392996108949411,跌
498,2609 陽明,2021-01-19,26.15,26.15,21.7,21.85,388985,9355814,97822,3167662,66.21,2.95,-0.08958333333333328,跌
499,2609 陽明,2021-01-20,21.9,22.4,20,20.2,311859,6501313,68608,3167662,61.21,2.73,-0.22007722007722005,跌
500,2609 陽明,2021-01-21,20.85,22.2,20.4,20.85,274234,5841227,59928,3167662,63.18,2.82,-0.1070663811563169,跌
501,2609 陽明,2021-01-22,20.9,22.8,20.3,22.6,199178,4323995,51823,3167662,68.48,3.05,-0.05042016806722686,跌
502,2609 陽明,2021-01-25,22.95,24,22.6,23.0,198129,4616719,50668,3167662,69.7,3.11,0.052631578947368356,漲
503,2609 陽明,2021-01-26,23.1,23.5,21.5,21.6,149173,3323680,37900,3167662,65.45,2.92,0.06930693069306941,漲
504,2609 陽明,2021-01-27,21.8,22.15,20.65,20.8,130719,2768060,30367,3167662,63.03,2.81,-0.0023980815347722164,False
505,2609 陽明,2021-01-28,20.15,21.4,19.65,20.7,139089,2896180,31815,3167662,62.73,2.8,-0.08407079646017708,跌
506,2609 陽明,2021-01-29,21.05,21.1,19.45,19.75,123509,2486621,33738,3254402,59.85,2.67,-0.14130434782608695,跌
507,2609 陽明,2021-02-01,19.7,19.95,18.75,19.05,164457,3171750,38247,3254402,57.73,2.57,-0.11805555555555558,跌
508,2609 陽明,2021-02-02,19.3,20.95,19.1,20.95,213074,4319028,38093,3254402,63.48,2.83,0.0072115384615383925,False
509,2609 陽明,2021-02-03,21.25,22.4,21.05,21.6,347000,7514157,77702,3254402,65.45,2.92,0.04347826086956532,漲
510,2609 陽明,2021-02-04,21.45,22.2,21.35,21.95,154012,3358297,36244,3254402,66.52,2.97,0.11139240506329111,漲
511,2609 陽明,2021-02-05,22.1,22.2,21.4,21.5,115482,2514315,28323,3254402,65.15,2.91,0.1286089238845144,漲
512,2609 陽明,2021-02-17,22.1,23.65,21.7,23.65,219033,4956764,47193,3254402,71.67,3.2,0.12887828162291168,漲
513,2609 陽明,2021-02-18,24.2,25.95,24.1,25.55,356237,8927053,90493,3254402,77.42,3.45,0.18287037037037032,漲
514,2609 陽明,2021-02-19,25.5,25.95,24.7,25.6,189248,4782306,52883,3254402,77.58,3.46,0.1662870159453304,漲
515,2609 陽明,2021-02-22,28.15,28.15,27.3,28.15,211635,5924732,49423,3254402,85.3,3.8,0.3093023255813953,漲
516,2609 陽明,2021-02-23,28.15,30.05,27.85,28.25,393750,11362650,100009,3254402,85.61,3.82,0.19450317124735736,漲
517,2609 陽明,2021-02-24,28.9,29.5,27.9,27.9,241515,6917935,62813,3254402,84.55,3.77,0.09197651663405079,漲
518,2609 陽明,2021-02-25,28.95,29.5,28.15,28.5,204089,5871727,51047,3254402,86.36,3.85,0.11328124999999994,漲
519,2609 陽明,2021-02-26,27.95,29.15,27.5,29.0,205961,5841803,51212,3300816,87.88,3.92,0.030195381882770923,漲
520,2609 陽明,2021-03-02,29.55,30.25,26.1,27.1,378370,10796377,96688,3300816,82.12,3.66,-0.04070796460176986,跌
521,2609 陽明,2021-03-03,27.65,27.7,26.25,27.6,200403,5423139,49815,3300816,83.64,3.73,-0.01075268817204291,False
522,2609 陽明,2021-03-04,27,27.3,26.55,26.6,99600,2686122,26314,3300816,80.61,3.59,-0.06666666666666661,跌
523,2609 陽明,2021-03-05,25.9,27,25.8,26.05,115422,3054643,28611,3300816,78.94,3.52,-0.10172413793103446,跌
524,2609 陽明,2021-03-08,26.55,27.55,26.5,26.8,151261,4081151,33719,3300816,81.21,3.62,-0.011070110701107036,False
525,2609 陽明,2021-03-09,26.9,27.75,26.4,27.6,124505,3380456,27854,3300816,83.64,3.73,0.0,False
526,2609 陽明,2021-03-10,27.75,28.65,27.35,28.0,185820,5214793,43652,3300816,84.85,3.78,0.05263157894736836,漲
527,2609 陽明,2021-03-11,28.75,29.35,28.05,28.1,192861,5541269,48451,3300816,85.15,3.8,0.07869481765834935,漲
528,2609 陽明,2021-03-12,29,29.95,28.45,29.15,290550,8497029,69887,3300816,88.33,3.94,0.08768656716417902,漲
529,2609 陽明,2021-03-15,29.7,31.3,29.6,31.3,277317,8429457,75302,3300816,94.85,4.23,0.1340579710144927,漲
530,2609 陽明,2021-03-16,31.1,31.1,29.9,30.05,240779,7320577,63006,3300816,91.06,4.06,0.07321428571428575,漲
531,2609 陽明,2021-03-17,30.3,31.65,30.1,31.3,232781,7202029,55872,3300816,94.85,4.23,0.11387900355871883,漲
532,2609 陽明,2021-03-18,31.65,32,31.3,31.9,186140,5895929,43733,3300816,96.67,4.31,0.09433962264150944,漲
533,2609 陽明,2021-03-19,31.4,33.7,31.25,32.6,362851,11796378,91593,3300816,98.79,4.41,0.04153354632587861,漲
534,2609 陽明,2021-03-22,35.8,35.85,34.55,35.85,259149,9227903,60107,3300816,108.64,4.84,0.19301164725457573,漲
535,2609 陽明,2021-03-23,36.5,36.5,32.35,33.5,112545,3854633,48399,3300816,101.52,4.53,0.0702875399361022,漲
536,2609 陽明,2021-03-24,32.4,34,32.4,33.8,54860,1829870,20971,3300816,102.42,4.57,0.059561128526645725,漲
537,2609 陽明,2021-03-25,33.7,33.7,32.45,32.5,46345,1517130,19715,3300816,98.48,4.39,-0.0030674846625767306,False
538,2609 陽明,2021-03-26,32.8,34.2,32.75,34.0,49045,1641551,18067,3300816,103.03,4.59,-0.051603905160390554,跌
539,2609 陽明,2021-03-29,34.7,35.6,34.7,35.25,62588,2207707,21829,3300816,106.82,4.76,0.05223880597014925,漲
540,2609 陽明,2021-03-30,35.5,35.5,34,35.4,48012,1678145,18541,3300816,9.37,3.14,0.04733727810650892,漲
541,2609 陽明,2021-03-31,35.8,38,35.8,37.7,84149,3137466,32192,3332104,9.97,3.35,0.1600000000000001,漲
542,2609 陽明,2021-04-01,39.15,40.2,38.85,40.15,79597,3146027,32537,3332104,10.62,3.57,0.18088235294117644,漲
543,2609 陽明,2021-04-06,41.5,44.15,40.15,44.15,91673,3904959,34087,3332104,11.68,3.92,0.2524822695035461,漲
544,2609 陽明,2021-04-07,44.2,47.55,43.95,46.35,91018,4141809,37586,3332104,12.26,4.12,0.3093220338983052,漲
545,2609 陽明,2021-04-08,46,47.6,45.3,46.2,275160,12786048,81730,3332104,12.22,4.1,0.22546419098143233,漲
546,2609 陽明,2021-04-09,43,43,41.6,42.75,68509,2892617,21394,3332104,11.31,3.8,0.06475716064757164,漲
547,2609 陽明,2021-04-12,44.9,46.2,44.9,46.1,48961,2245253,11780,3332104,12.2,4.09,0.044167610419026115,漲
548,2609 陽明,2021-04-13,46.1,47.5,44.8,44.8,49368,2297635,12584,3332104,11.85,3.98,-0.03344120819848984,跌
549,2609 陽明,2021-04-14,45.1,46.4,40.85,45.5,61960,2740820,12025,3332104,12.04,4.04,-0.015151515151515213,False
550,2609 陽明,2021-04-15,45.6,47.5,45.6,46.7,45148,2108009,9948,3332104,12.35,4.15,0.09239766081871352,漲
551,2609 陽明,2021-04-16,47.2,50.6,47.1,50.6,55192,2667387,14602,3332104,13.39,4.49,0.09761388286334056,漲
552,2609 陽明,2021-04-19,52.6,55.6,52.6,55.0,66438,3641434,17004,3332104,14.55,4.88,0.2276785714285715,漲
553,2609 陽明,2021-04-20,55.5,57,53.9,57.0,44983,2482167,12511,3332104,15.08,5.06,0.25274725274725274,漲
554,2609 陽明,2021-04-21,58.8,62.7,58.8,62.7,51583,3184772,14293,3332104,16.59,5.57,0.3426124197002141,漲
555,2609 陽明,2021-04-22,65,68.3,58,59.6,76617,4850016,20969,3332104,15.77,5.29,0.17786561264822134,漲
556,2609 陽明,2021-04-23,62,63,54.8,60.4,420124,24892545,127644,3332104,15.98,5.36,0.09818181818181816,漲
557,2609 陽明,2021-04-26,63,66.4,62.5,66.4,189302,12380465,48837,3332104,17.57,5.9,0.16491228070175448,漲
558,2609 陽明,2021-04-27,69.4,73,67.7,72.0,402224,28553304,125488,3332104,19.05,6.39,0.14832535885167458,漲
559,2609 陽明,2021-04-28,73.5,77.3,71.6,75.0,415394,31185975,145494,3332104,19.84,6.66,0.2583892617449664,漲
560,2609 陽明,2021-04-29,76.9,80,72.3,79.8,342752,25965697,116342,3332104,21.11,7.09,0.3211920529801324,漲
561,2609 陽明,2021-05-03,86.1,87.7,83.8,87.7,317654,27556327,96172,3332104,23.2,7.79,0.3207831325301204,漲
562,2609 陽明,2021-05-04,87,92.4,79,80.0,797676,68110707,296950,3332104,21.16,7.1,0.1111111111111111,漲
563,2609 陽明,2021-05-05,81.7,87.4,75.5,87.0,512337,42655306,189778,3332104,23.02,7.73,0.16,漲
564,2609 陽明,2021-05-06,89.9,91.3,82.1,84.3,478298,41568801,182097,3332104,22.3,7.49,0.056390977443609026,漲
565,2609 陽明,2021-05-07,88.4,91.5,83.7,91.5,481188,42105162,176332,3332104,24.21,8.13,0.04332953249714934,漲
566,2609 陽明,2021-05-10,91.6,100.5,90.2,100.5,445425,43375501,175505,3332104,26.59,8.93,0.25625,漲
567,2609 陽明,2021-05-11,98,105.5,91.3,97.6,544098,54414080,221014,3332104,25.82,8.67,0.12183908045977004,漲
568,2609 陽明,2021-05-12,95,98.3,87.9,87.9,363996,33422302,144698,3332104,23.25,7.81,0.04270462633451968,漲
569,2609 陽明,2021-05-13,79.2,88.5,79.2,79.2,574319,46703260,198782,3332104,20.95,7.03,-0.1344262295081967,跌
570,2609 陽明,2021-05-14,82.5,83.8,71.3,74.0,647739,49155207,226658,3332104,19.58,6.57,-0.263681592039801,跌
571,2609 陽明,2021-05-17,69.9,74.3,66.6,66.6,569893,39787756,182304,3332104,5.95,3.59,-0.3176229508196721,跌
572,2609 陽明,2021-05-18,70.5,73.2,68.6,73.2,276730,19891632,81806,3332104,6.54,3.94,-0.1672354948805461,跌
573,2609 陽明,2021-05-19,76.9,80.5,76,80.5,375849,29581498,127058,3332104,7.19,4.34,0.016414141414141378,False
574,2609 陽明,2021-05-20,81,87.3,79.1,83.5,719139,60302129,269327,3332104,7.46,4.5,0.12837837837837837,漲
575,2609 陽明,2021-05-21,87,91.8,86.9,91.8,525852,46931658,191761,3332104,8.2,4.95,0.37837837837837845,漲
576,2609 陽明,2021-05-24,92,99.3,89.3,93.1,636015,60594689,261799,3332104,8.31,5.02,0.2718579234972676,漲
577,2609 陽明,2021-05-25,96.9,98.2,84,91.0,592190,53892304,245905,3332104,8.13,4.9,0.13043478260869565,漲
578,2609 陽明,2021-05-26,92.8,99.4,87.1,98.8,719247,67945718,275645,3332104,8.82,5.32,0.1832335329341317,漲
579,2609 陽明,2021-05-27,100,105.5,99.3,103.0,756487,77476567,240429,3332104,9.2,5.55,0.12200435729847497,漲
580,2609 陽明,2021-05-28,105.5,112,103,108.0,488929,52308458,204797,3332104,9.64,5.82,0.16004296455424283,漲
581,2609 陽明,2021-05-31,110.5,115,102,102.5,491276,53587498,209000,3332104,9.15,5.52,0.12637362637362637,漲
582,2609 陽明,2021-06-01,105.5,112.5,101,112.5,406062,43351527,154437,3332104,10.04,6.06,0.13866396761133606,漲
583,2609 陽明,2021-06-02,114,118.5,111,111.0,498833,57026409,196117,3332104,9.91,5.98,0.07766990291262135,漲
584,2609 陽明,2021-06-03,113.5,117.5,111,112.5,471284,53875505,171940,3332104,10.04,6.06,0.041666666666666664,漲
585,2609 陽明,2021-06-04,114,119.5,113,115.5,404392,46986862,132400,3332104,10.31,6.22,0.12682926829268293,漲
586,2609 陽明,2021-06-07,117.5,118,104,107.0,526517,58139351,203654,3332104,9.55,5.77,-0.04888888888888889,跌
587,2609 陽明,2021-06-08,108,114.5,107.5,114.5,266769,29722656,99763,3332104,10.22,6.17,0.03153153153153153,漲
588,2609 陽明,2021-06-09,116,117,111,113.0,328556,37597188,124765,3332104,10.09,6.09,0.0044444444444444444,False
589,2609 陽明,2021-06-10,114,115,105,110.5,328143,35934522,119530,3332104,9.87,5.95,-0.04329004329004329,跌
590,2609 陽明,2021-06-11,112,119,111,116.0,440136,51018864,166814,3332104,10.36,6.25,0.08411214953271028,漲
591,2609 陽明,2021-06-15,118.5,127.5,117,127.5,445650,54895595,160016,3332104,11.38,6.87,0.11353711790393013,漲
592,2609 陽明,2021-06-16,129,140,128,130.0,673719,89863038,281869,3332104,11.61,7,0.1504424778761062,漲
593,2609 陽明,2021-06-17,130,140.5,124,140.5,442473,58297577,177416,3332104,12.54,7.57,0.27149321266968324,漲
594,2609 陽明,2021-06-18,138.5,151,137.5,149.5,747990,109530140,291625,3332104,13.35,8.05,0.28879310344827586,漲
595,2609 陽明,2021-06-21,150,162.5,148.5,158.5,650922,102822682,269676,3332104,14.15,8.54,0.24313725490196078,漲
596,2609 陽明,2021-06-22,162,163,152,154.5,106624,16885055,72879,3332104,13.79,8.32,0.18846153846153846,漲
597,2609 陽明,2021-06-23,146,150,139.5,139.5,135256,19332606,100084,3332104,12.46,7.52,-0.0071174377224199285,False
598,2609 陽明,2021-06-24,133,149,133,149.0,81397,11678671,53351,3332104,13.3,8.03,-0.0033444816053511705,False
599,2609 陽明,2021-06-25,153,153,146,151.0,77872,11763893,50201,3332104,13.48,8.14,-0.0473186119873817,跌
600,2609 陽明,2021-06-28,156.5,166,156.5,166.0,92488,15059255,59029,3332104,14.82,8.94,0.0744336569579288,漲
601,2609 陽明,2021-06-29,171,173,160,166.0,104157,17391315,74716,3332104,14.82,8.94,0.18996415770609318,漲
602,2609 陽明,2021-06-30,166.5,182.5,166.5,182.5,90212,15831651,64148,3332104,16.29,9.83,0.22483221476510068,漲
603,2609 陽明,2021-07-01,188,200.5,183,196.0,114395,22088178,81782,3332104,17.5,10.56,0.2980132450331126,漲
604,2609 陽明,2021-07-02,197,197,186,191.0,90009,17254329,70421,3332104,17.05,10.29,0.15060240963855423,漲
605,2609 陽明,2021-07-05,198,198,180,197.0,87982,16708640,61045,3332104,17.59,10.61,0.18674698795180722,漲
606,2609 陽明,2021-07-06,201,216.5,196,216.5,423072,89704375,165276,3332104,19.33,11.66,0.1863013698630137,漲
607,2609 陽明,2021-07-07,222,234.5,195.5,210.0,613283,133948767,309213,3332104,18.75,11.31,0.07142857142857142,漲
608,2609 陽明,2021-07-08,216,227,194,216.5,670995,141669265,358252,3332104,19.33,11.66,0.13350785340314136,漲
609,2609 陽明,2021-07-09,207,219,195.5,195.5,579705,120349810,307133,3332104,17.46,10.53,-0.007614213197969543,False
610,2609 陽明,2021-07-12,206.5,212,187,195.5,531241,107156124,272074,3332104,17.46,10.53,-0.09699769053117784,跌
611,2609 陽明,2021-07-13,202,204,176,176.0,545938,102754368,283905,3332104,15.71,9.48,-0.1619047619047619,跌
612,2609 陽明,2021-07-14,177,181,159,163.0,758462,128003379,374394,3492104,14.55,8.78,-0.2471131639722864,跌
613,2609 陽明,2021-07-15,170,179,166,179.0,426579,73893333,185426,3492104,15.98,9.64,-0.08439897698209718,跌
614,2609 陽明,2021-07-16,183,195.5,182,188.0,650673,122359022,326041,3492104,16.79,10.13,-0.03836317135549872,跌
615,2609 陽明,2021-07-19,193,196.5,186.5,188.0,413675,79529589,195082,3492104,16.79,10.13,0.06818181818181818,漲
616,2609 陽明,2021-07-20,185,185.5,170,170.5,488666,86425236,223033,3492104,15.22,9.19,0.046012269938650305,漲
617,2609 陽明,2021-07-21,176.5,180,153.5,153.5,482445,78814432,258959,3492104,13.71,8.27,-0.1424581005586592,跌
618,2609 陽明,2021-07-22,153.5,155,138.5,140.5,458906,65538772,221123,3492104,12.54,7.57,-0.2526595744680851,跌
619,2609 陽明,2021-07-23,142,149.5,134.5,145.5,437511,62394119,222545,3492104,12.99,7.84,-0.22606382978723405,跌
620,2609 陽明,2021-07-26,145.5,147,134,136.0,256173,36249698,126817,3492104,12.14,7.33,-0.20234604105571846,跌
621,2609 陽明,2021-07-27,130.5,134,122.5,122.5,334105,42201837,156345,3492104,10.94,6.6,-0.20195439739413681,跌
622,2609 陽明,2021-07-28,123,125,110.5,118.0,485289,56894994,220537,3492104,10.54,6.36,-0.1601423487544484,跌
623,2609 陽明,2021-07-29,121,129.5,120,129.5,54595,6839459,24327,3492104,11.56,6.98,-0.10996563573883161,跌
624,2609 陽明,2021-07-30,135,135,117,117.0,52473,6763938,22860,3492104,10.45,6.3,-0.13970588235294118,跌
625,2609 陽明,2021-08-02,114.5,125,110,120.0,38357,4446238,14174,3492104,10.71,6.47,-0.02040816326530612,False
626,2609 陽明,2021-08-03,120.5,128,120.5,126.0,32839,4115748,11753,3492104,11.25,6.79,0.06779661016949153,漲
627,2609 陽明,2021-08-04,127,131,127,129.0,23621,3050368,9839,3492104,11.52,6.95,-0.003861003861003861,False
628,2609 陽明,2021-08-05,129,129,125.5,125.5,22375,2831460,7576,3492104,11.21,6.76,0.07264957264957266,漲
629,2609 陽明,2021-08-06,126,135,126,131.0,25854,3421452,11698,3492104,11.7,7.06,0.09166666666666666,漲
630,2609 陽明,2021-08-09,131.5,135.5,131.5,132.5,19215,2571346,7273,3492104,11.83,7.14,0.051587301587301584,漲
631,2609 陽明,2021-08-10,134,134,126,130.0,29118,3775421,9335,3492104,11.61,7,0.007751937984496124,False
632,2609 陽明,2021-08-11,126.5,127,117,125.0,33609,4111366,12931,3492104,11.16,6.73,-0.00398406374501992,False
633,2609 陽明,2021-08-12,124.5,133.5,121,133.5,315314,40287624,118434,3492104,11.92,7.19,0.019083969465648856,False
634,2609 陽明,2021-08-13,133,140,131,133.0,457392,62133280,180689,3492104,11.88,7.17,0.0037735849056603774,False
635,2609 陽明,2021-08-16,135,136.5,125,126.0,302376,39853392,122425,3492104,5.84,4.22,-0.03076923076923077,跌
636,2609 陽明,2021-08-17,129,131,123,124.5,187972,24001265,81289,3492104,5.77,4.17,-0.004,False
637,2609 陽明,2021-08-18,123.5,136.5,121,136.5,325683,42428534,142925,3492104,6.33,4.57,0.02247191011235955,False
638,2609 陽明,2021-08-19,135,137.5,126,126.5,348450,46107230,162153,3492104,5.86,4.24,-0.04887218045112782,跌
639,2609 陽明,2021-08-20,129.5,131.5,126,130.5,186507,24047947,83289,3492104,6.05,4.37,0.03571428571428571,漲
640,2609 陽明,2021-08-23,134.5,143,134.5,139.5,277174,38774782,128920,3492104,6.46,4.67,0.12048192771084337,漲
641,2609 陽明,2021-08-24,143.5,144,134,134.5,228328,31662826,109997,3492104,6.23,4.51,-0.014652014652014652,False
642,2609 陽明,2021-08-25,135.5,139.5,132.5,138.5,130787,17799279,63381,3492104,6.42,4.64,0.09486166007905138,漲
643,2609 陽明,2021-08-26,138.5,142,134,140.0,150047,20658294,69383,3492104,6.49,4.69,0.07279693486590039,漲
644,2609 陽明,2021-08-27,137,141,135,137.0,134991,18579390,65042,3492104,6.35,4.59,-0.017921146953405017,False
645,2609 陽明,2021-08-30,138.5,140,136,136.0,69277,9553051,30980,3492104,6.3,4.56,0.011152416356877323,False
646,2609 陽明,2021-08-31,136.5,138,130.5,133.5,121512,16248263,55384,3492104,6.19,4.47,-0.036101083032490974,跌
647,2609 陽明,2021-09-01,134,134.5,125,125.0,164203,20999798,85237,3492104,5.79,4.19,-0.10714285714285714,跌
648,2609 陽明,2021-09-02,123,127.5,121,126.0,124171,15524236,60556,3492104,5.84,4.22,-0.08029197080291971,跌
649,2609 陽明,2021-09-03,127,128,118.5,120.5,138897,16947156,72012,3492104,5.58,4.04,-0.11397058823529412,跌
650,2609 陽明,2021-09-06,120,120.5,113,113.0,154415,17967476,70860,3492104,5.24,3.79,-0.15355805243445692,跌
651,2609 陽明,2021-09-07,117,123.5,116,120.5,213772,25639846,93210,3492104,5.58,4.04,-0.036,跌
652,2609 陽明,2021-09-08,120.5,122.5,117.5,122.0,128898,15500384,55137,3492104,5.65,4.09,-0.031746031746031744,跌
653,2609 陽明,2021-09-09,121.5,123,119,121.5,80048,9655693,32200,3492104,5.63,4.07,0.008298755186721992,False
654,2609 陽明,2021-09-10,120.5,126.5,119.5,125.5,118693,14601348,52376,3492104,5.82,4.2,0.11061946902654868,漲
655,2609 陽明,2021-09-13,127,128.5,124.5,124.5,86871,10997604,39897,3492104,5.77,4.17,0.03319502074688797,漲
656,2609 陽明,2021-09-14,126,126.5,117,117.5,95802,11621498,45923,3492104,5.44,3.94,-0.036885245901639344,跌
657,2609 陽明,2021-09-15,118.5,123,114.5,121.5,105199,12441566,44930,3492104,5.63,4.07,0.0,False
658,2609 陽明,2021-09-16,121.5,121.5,118,118.0,58751,7023088,25920,3492104,5.47,3.95,-0.05976095617529881,跌
659,2609 陽明,2021-09-17,118.5,124,118,123.0,118643,14489527,41986,3492104,5.7,4.12,-0.012048192771084338,False
660,2609 陽明,2021-09-22,120,122.5,119,119.5,68755,8258733,29046,3492104,5.54,4,0.01702127659574468,False
661,2609 陽明,2021-09-23,122,123.5,120.5,121.5,52591,6425049,22515,3492104,5.63,4.07,0.0,False
662,2609 陽明,2021-09-24,123.5,128,123,126.5,93202,11734928,43364,3492104,5.86,4.24,0.07203389830508475,漲
663,2609 陽明,2021-09-27,129,130,124.5,124.5,82955,10531329,35767,3492104,5.77,4.17,0.012195121951219513,False
664,2609 陽明,2021-09-28,120.5,121.5,119,119.0,72303,8686142,34603,3492104,5.51,3.99,-0.0041841004184100415,False
665,2609 陽明,2021-09-29,115.5,120,115.5,116.5,71067,8355117,36490,3492104,5.4,3.9,-0.0411522633744856,跌
666,2609 陽明,2021-09-30,118,120,116.5,119.5,48131,5691205,21599,3492104,5.54,4,-0.05533596837944664,跌
667,2609 陽明,2021-10-01,116,116.5,108,108.0,163128,18122355,79808,3492104,5,3.62,-0.13253012048192772,跌
668,2609 陽明,2021-10-04,108,108,97.2,97.2,203393,20450859,99037,3492104,4.5,3.26,-0.18319327731092436,跌
669,2609 陽明,2021-10-05,91.3,101,90.7,98.2,203335,19451236,97812,3492104,4.55,3.29,-0.15708154506437766,跌
670,2609 陽明,2021-10-06,99.6,99.7,92.4,92.5,134727,12837204,69166,3492104,4.29,3.1,-0.22594142259414227,跌
671,2609 陽明,2021-10-07,96.1,101,95.4,98.5,142426,13966228,72286,3492104,4.56,3.3,-0.08796296296296297,跌
672,2609 陽明,2021-10-08,99.5,99.8,95,96.8,100334,9764182,52288,3492104,4.49,3.24,-0.004115226337448618,False
673,2609 陽明,2021-10-12,93.8,94.6,87.2,87.4,145444,13072146,73206,3492104,4.05,2.93,-0.10997963340122197,跌
674,2609 陽明,2021-10-13,90.8,93.5,88.4,88.5,140265,12686723,66707,3492104,4.1,2.96,-0.043243243243243246,跌
675,2609 陽明,2021-10-14,91.2,94.7,87.3,92.4,153410,14035231,79235,3492104,4.28,3.1,-0.061928934010152224,跌
676,2609 陽明,2021-10-15,93.1,94,91.5,92.3,86190,7975771,40881,3492104,4.28,3.09,-0.04648760330578513,跌
677,2609 陽明,2021-10-18,90.4,90.4,83.6,89.0,175099,15190216,83707,3492104,4.12,2.98,0.01830663615560634,False
678,2609 陽明,2021-10-19,88.8,90.6,88,88.0,82507,7377187,44195,3492104,4.08,2.95,-0.005649717514124294,False
679,2609 陽明,2021-10-20,89.5,91.2,88.1,88.3,67461,6057481,33430,3492104,4.09,2.96,-0.04437229437229446,跌
680,2609 陽明,2021-10-21,89.2,90.9,88.7,89.3,52515,4717314,26048,3492104,4.14,2.99,-0.032502708559046585,跌
681,2609 陽明,2021-10-22,89.6,90,84.6,85.1,108029,9337863,55677,3492104,3.94,2.85,-0.043820224719101186,跌
682,2609 陽明,2021-10-25,84,91.3,83.6,89.5,118776,10479199,59047,3492104,4.15,3,0.017045454545454544,False
683,2609 陽明,2021-10-26,90.5,91.6,88.5,90.4,75382,6798982,37148,3492104,4.19,3.03,0.02378255945639874,False
684,2609 陽明,2021-10-27,89.3,90.3,88.6,89.3,46820,4188929,24422,3492104,4.14,2.99,0.0,False
685,2609 陽明,2021-10-28,89.4,93.5,89.4,90.6,85763,7857461,43364,3492104,4.2,3.04,0.0646298472385429,漲
686,2609 陽明,2021-10-29,92,98.3,91.5,96.5,149098,14129984,71309,3492104,4.47,3.23,0.0782122905027933,漲
687,2609 陽明,2021-11-01,98.5,101,97,98.0,105899,10469187,56102,3492104,4.54,3.28,0.08407079646017693,漲
688,2609 陽明,2021-11-02,99.4,103.5,98.6,101.5,117563,11877197,59473,3492104,4.7,3.4,0.13661814109742446,漲
689,2609 陽明,2021-11-03,103,110.5,102.5,108.5,168912,18070911,81122,3492104,5.03,3.63,0.1975717439293599,漲
690,2609 陽明,2021-11-04,112,113,105.5,106.0,130037,14262491,62823,3492104,4.91,3.55,0.09844559585492228,漲
691,2609 陽明,2021-11-05,107,108.5,103.5,107.5,88153,9381027,39323,3492104,4.98,3.6,0.09693877551020408,漲
692,2609 陽明,2021-11-08,112.5,118,107,118.0,197241,22125536,79205,3492104,5.47,3.95,0.1625615763546798,漲
693,2609 陽明,2021-11-09,116.5,120.5,115,116.0,204506,24027215,87268,3492104,5.38,3.89,0.06912442396313365,漲
694,2609 陽明,2021-11-10,115.5,120.5,115,115.0,144624,16976294,58851,3492104,5.33,3.85,0.08490566037735849,漲
695,2609 陽明,2021-11-11,115,117.5,103.5,106.0,180798,20112937,79872,3492104,4.91,3.55,-0.013953488372093023,False
696,2609 陽明,2021-11-12,108,109.5,105,106.5,112220,12083888,50762,3492104,4.94,3.57,-0.09745762711864407,跌
697,2609 陽明,2021-11-15,109.5,110,105,105.0,67359,7215203,28570,3492104,3.05,2.05,-0.09482758620689655,跌
698,2609 陽明,2021-11-16,105.5,110,104.5,110.0,89125,9610752,37629,3492104,3.2,2.15,-0.043478260869565216,跌
699,2609 陽明,2021-11-17,110,110.5,106,107.5,76432,8276577,32385,3492104,3.13,2.1,0.014150943396226415,False
700,2609 陽明,2021-11-18,107.5,111.5,107,109.5,61108,6696493,27720,3492104,3.19,2.14,0.028169014084507043,False
701,2609 陽明,2021-11-19,110,112,107,107.5,65882,7190919,28521,3492104,3.13,2.1,0.023809523809523808,False
702,2609 陽明,2021-11-22,109,113,108,110.5,84115,9310920,34290,3492104,3.22,2.16,0.004545454545454545,False
703,2609 陽明,2021-11-23,111,113.5,110,111.0,66704,7458258,26359,3492104,3.23,2.17,0.03255813953488372,漲
704,2609 陽明,2021-11-24,111.5,112.5,110,111.0,40227,4472009,17937,3492104,3.23,2.17,0.0136986301369863,False
705,2609 陽明,2021-11-25,111.5,116,111,114.5,83332,9515701,37700,3492104,3.33,2.24,0.06511627906976744,漲
706,2609 陽明,2021-11-26,114.5,116,108,108.5,108354,12043227,49927,3492104,3.16,2.12,-0.01809954751131222,False
707,2609 陽明,2021-11-29,108.5,112.5,108.5,110.0,88996,9843661,37387,3492104,3.2,2.15,-0.009009009009009009,False
708,2609 陽明,2021-11-30,113.5,115.5,112.5,115.5,84391,9643154,31126,3492104,3.36,2.26,0.04054054054054054,漲
709,2609 陽明,2021-12-01,116,117,114,115.0,60402,6963805,27165,3492104,3.35,2.25,0.004366812227074236,False
710,2609 陽明,2021-12-02,115,125.5,114.5,122.0,200888,24266444,95239,3492104,3.55,2.39,0.12442396313364056,漲
711,2609 陽明,2021-12-03,124.5,126,120.5,121.0,124056,15292750,63207,3492104,3.52,2.37,0.1,漲
712,2609 陽明,2021-12-06,122.5,128,122.5,125.5,124412,15659996,54974,3492104,3.65,2.46,0.08658008658008658,漲
713,2609 陽明,2021-12-07,126.5,129,124,126.5,138929,17627485,62923,3492104,3.68,2.47,0.1,漲
714,2609 陽明,2021-12-08,129.5,131.5,125,127.0,133479,17168829,59083,3492104,3.7,2.48,0.040983606557377046,漲
715,2609 陽明,2021-12-09,129,129.5,125.5,128.5,69770,8910153,31210,3492104,3.74,2.51,0.06198347107438017,漲
716,2609 陽明,2021-12-10,126.5,127,123.5,124.0,72775,9109362,35982,3492104,3.61,2.43,-0.01195219123505976,False
717,2609 陽明,2021-12-13,126,130,125.5,127.5,89254,11411030,37075,3492104,3.71,2.49,0.007905138339920948,False
718,2609 陽明,2021-12-14,127.5,128.5,120,120.0,116713,14354078,53946,3492104,3.49,2.35,-0.05511811023622047,跌
719,2609 陽明,2021-12-15,120.5,123,119,122.5,63596,7716414,28275,3492104,3.56,2.4,-0.04669260700389105,跌
720,2609 陽明,2021-12-16,124,125,122,122.0,47826,5899829,19378,3492104,3.55,2.39,-0.016129032258064516,False
721,2609 陽明,2021-12-17,123,126,122.5,123.5,51418,6392332,22817,3492104,3.59,2.42,-0.03137254901960784,跌
722,2609 陽明,2021-12-20,123.5,124.5,120.5,122.0,44854,5502783,18833,3492104,3.55,2.39,0.016666666666666666,False
723,2609 陽明,2021-12-21,122.5,126,121,125.5,56124,6970782,23667,3492104,3.65,2.46,0.024489795918367346,False
724,2609 陽明,2021-12-22,126,126,124,124.0,29633,3705347,14304,3492104,3.61,2.43,0.01639344262295082,False
725,2609 陽明,2021-12-23,125.5,126.5,122.5,122.5,35129,4360669,14479,3492104,3.56,2.4,-0.008097165991902834,False
726,2609 陽明,2021-12-24,123.5,124.5,122,122.5,25691,3158010,13177,3492104,3.56,2.4,0.004098360655737705,False
727,2609 陽明,2021-12-27,123.5,124,122,122.5,21460,2640522,9813,3492104,3.56,2.4,-0.02390438247011952,False
728,2609 陽明,2021-12-28,124,127,123.5,125.0,56247,7057509,25822,3492104,3.64,2.45,0.008064516129032258,False
729,2609 陽明,2021-12-29,126,127,124,124.5,39155,4908882,17071,3492104,3.62,2.44,0.0163265306122449,False
730,2609 陽明,2021-12-30,124.5,125,120,121.0,82365,10016129,37965,3492104,3.52,2.37,-0.012244897959183673,False
